Date,Open,High,Low,Close,Adj Close,Volume
2007/1/11,,,,,1483,
2007/4/11,,,,,1495,
2007/5/11,,,,,1510,
2007/6/11,,,,,1527.3,
2007/7/11,,,,,1527.5,
2007/8/11,,,,,1541.5,
2007/11/11,,,,,1555.5,
2007/12/11,,,,,1550.5,
7/13/11,,,,,1579,
7/14/11,,,,,1590.5,
7/15/11,,,,,1587,
7/18/11,,,,,1599,
7/19/11,,,,,1601,
7/20/11,,,,,1586,
7/21/11,,,,,1601,
7/22/11,,,,,1602,
7/25/11,,,,,1613.5,
7/26/11,,,,,1612.8,
7/27/11,,,,,1625,
7/28/11,,,,,1613.5,
7/29/11,,,,,1628.5,
2008/1/11,,,,,1623,
2008/2/11,,,,,1637.8,
2008/3/11,,,,,1669.3,
2008/4/11,,,,,1679.5,
2008/5/11,,,,,1658.8,
2008/8/11,,,,,1693,
2008/9/11,,,,,1736,
2008/10/11,,,,,1772,
2008/11/11,,,,,1760,
2008/12/11,,,,,1736,
8/15/11,,,,,1739,
8/16/11,,,,,1782.5,
8/17/11,,,,,1790,
8/18/11,,,,,1824,
8/19/11,,,,,1848,
8/22/11,,,,,1877.5,
8/23/11,,,,,1876,
8/24/11,,,,,1770,
8/25/11,,,,,1729,
8/26/11,,,,,1788,
8/29/11,,,,,1788,
8/30/11,,,,,1825,
8/31/11,,,,,1813.5,
2009/1/11,,,,,1821,
2009/2/11,,,,,1875.3,
2009/5/11,,,,,1895,
2009/6/11,,,,,1895,
2009/7/11,,,,,1810,
2009/8/11,,,,,1855,
2009/9/11,,,,,1851,
2009/12/11,,,,,1834,
9/13/11,,,,,1820,
9/14/11,,,,,1818.5,
9/15/11,,,,,1782,
9/16/11,,,,,1794,
9/19/11,,,,,1794,
9/20/11,,,,,1799,
9/21/11,,,,,1793,
9/22/11,,,,,1722,
9/23/11,,,,,1689,
9/26/11,,,,,1598,
9/27/11,,,,,1659,
9/28/11,,,,,1643,
9/29/11,,,,,1613,
9/30/11,,,,,1620,
2010/3/11,,,,,1655.5,
2010/4/11,,,,,1638,
2010/5/11,,,,,1617,
2010/6/11,,,,,1635,
2010/7/11,,,,,1652,
2010/10/11,,,,,1661,
2010/11/11,,,,,1663,
2010/12/11,,,,,1682,
10/13/11,,,,,1656,
10/14/11,,,,,1678,
10/17/11,,,,,1682,
10/18/11,,,,,1631,
10/19/11,,,,,1652.5,
10/20/11,,,,,1620,
10/21/11,,,,,1642.5,
10/24/11,,,,,1652,
10/25/11,,,,,1656,
10/26/11,,,,,1715,
10/27/11,,,,,1718,
10/28/11,,,,,1741,
10/31/11,,,,,1722,
2011/1/11,,,,,1699,
2011/2/11,,,,,1743,
2011/3/11,,,,,1758,
2011/4/11,,,,,1749,
2011/7/11,,,,,1782,
2011/8/11,,,,,1795,
2011/9/11,,,,,1784,
2011/10/11,,,,,1756,
2011/11/11,,,,,1773,
11/14/11,,,,,1776,
11/15/11,,,,,1785,
11/16/11,,,,,1756,
11/17/11,,,,,1742.5,
11/18/11,,,,,1719,
11/21/11,,,,,1702,
11/22/11,,,,,1699,
11/23/11,,,,,1681,
11/24/11,,,,,1692.5,
11/25/11,,,,,1688.5,
11/28/11,,,,,1714,
11/29/11,,,,,1717,
11/30/11,,,,,1746,
2012/1/11,,,,,1752,
2012/2/11,,,,,1747,
2012/5/11,,,,,1744,
2012/6/11,,,,,1708,
2012/7/11,,,,,1735.5,
2012/8/11,,,,,1715,
2012/9/11,,,,,1709,
2012/12/11,,,,,1659.5,
12/13/11,,,,,1672.5,
12/14/11,,,,,1603,
12/15/11,,,,,1574,
12/16/11,,,,,1594,
12/19/11,,,,,1598,
12/20/11,,,,,1613.5,
12/21/11,,,,,1608,
12/22/11,,,,,1606.5,
12/23/11,,,,,1606.5,
12/26/11,,,,,1606.5,
12/27/11,,,,,1606.5,
12/28/11,,,,,1571,
12/29/11,,,,,1531,
12/30/11,,,,,1531,
2001/2/12,,,,,1531,
2001/3/12,,,,,1598,
2001/4/12,,,,,1613,
2001/5/12,,,,,1599,
2001/6/12,,,,,1616.5,
2001/9/12,,,,,1615,
2001/10/12,,,,,1637,
2001/11/12,,,,,1634.5,
2001/12/12,,,,,1661,
1/13/12,,,,,1635.5,
1/16/12,,,,,1641,
1/17/12,,,,,1656,
1/18/12,,,,,1647,
1/19/12,,,,,1655,
1/20/12,,,,,1653,
1/23/12,,,,,1675.5,
1/24/12,,,,,1665.5,
1/25/12,,,,,1650,
1/26/12,,,,,1727,
1/27/12,,,,,1726,
1/30/12,,,,,1729,
1/31/12,,,,,1744,
2002/1/12,,,,,1740,
2002/2/12,,,,,1751,
2002/3/12,,,,,1734,
2002/6/12,,,,,1719,
2002/7/12,,,,,1724,
2002/8/12,,,,,1746,
2002/9/12,,,,,1748,
2002/10/12,,,,,1711.5,
2/13/12,,,,,1720,
2/14/12,,,,,1722,
2/15/12,,,,,1733,
2/16/12,,,,,1713,
2/17/12,,,,,1723,
2/20/12,,,,,1733,
2/21/12,,,,,1748,
2/22/12,,,,,1752,
2/23/12,,,,,1777,
2/24/12,,,,,1777.5,
2/27/12,,,,,1772,
2/28/12,,,,,1781,
2/29/12,,,,,1770,
2003/1/12,,,,,1714,
2003/2/12,,,,,1707,
2003/5/12,,,,,1705,
2003/6/12,,,,,1669,
2003/7/12,,,,,1677.5,
2003/8/12,,,,,1690,
2003/9/12,,,,,1687.5,
2003/12/12,,,,,1697.5,
3/13/12,,,,,1690,
3/14/12,,,,,1644.3,
3/15/12,,,,,1648,
3/16/12,,,,,1658,
3/19/12,,,,,1661.5,
3/20/12,,,,,1656.8,
3/21/12,,,,,1649.3,
3/22/12,,,,,1635.5,
3/23/12,,,,,1664,
3/26/12,,,,,1680.3,
3/27/12,,,,,1692,
3/28/12,,,,,1676,
3/29/12,,,,,1657.5,
3/30/12,,,,,1662.5,
2004/2/12,,,,,1677.5,
2004/3/12,,,,,1676.3,
2004/4/12,,,,,1621,
2004/5/12,,,,,1631,
2004/6/12,,,,,1631,
2004/9/12,,,,,1631,
2004/10/12,,,,,1644,
2004/11/12,,,,,1658,
2004/12/12,,,,,1668.5,
4/13/12,,,,,1666.5,
4/16/12,,,,,1653,
4/17/12,,,,,1635.5,
4/18/12,,,,,1644,
4/19/12,,,,,1650,
4/20/12,,,,,1641.5,
4/23/12,,,,,1629,
4/24/12,,,,,1649.5,
4/25/12,,,,,1637.8,
4/26/12,,,,,1653.5,
4/27/12,,,,,1663.5,
4/30/12,,,,,1651.3,
2005/1/12,,,,,1664,
2005/2/12,,,,,1648,
2005/3/12,,,,,1637.8,
2005/4/12,,,,,1643.8,
2005/7/12,,,,,1643.8,
2005/8/12,,,,,1602.5,
2005/9/12,,,,,1582.5,
2005/10/12,,,,,1598.5,
2005/11/12,,,,,1583,
5/14/12,,,,,1558.5,
5/15/12,,,,,1556.5,
5/16/12,,,,,1548.5,
5/17/12,,,,,1554,
5/18/12,,,,,1589.5,
5/21/12,,,,,1592.5,
5/22/12,,,,,1582.5,
5/23/12,,,,,1549,
5/24/12,,,,,1568.5,
5/25/12,,,,,1569.5,
5/28/12,,,,,1574.6,
5/29/12,,,,,1579.5,
5/30/12,,,,,1540,
5/31/12,,,,,1558,
2006/1/12,,,,,1606,
2006/4/12,,,,,1606,
2006/5/12,,,,,1606,
2006/6/12,,,,,1635,
2006/7/12,,,,,1606,
2006/8/12,,,,,1576.5,
2006/11/12,,,,,1584,
2006/12/12,,,,,1603.5,
6/13/12,,,,,1619.5,
6/14/12,,,,,1613.5,
6/15/12,,,,,1627.3,
6/18/12,,,,,1615.5,
6/19/12,,,,,1625.5,
6/20/12,,,,,1601,
6/21/12,,,,,1582,
6/22/12,,,,,1565.5,
6/25/12,,,,,1570,
6/26/12,,,,,1576,
6/27/12,,,,,1573.5,
6/28/12,,,,,1558.5,
6/29/12,,,,,1598.5,
2007/2/12,,,,,1592,
2007/3/12,,,,,1617.5,
2007/4/12,,,,,1613.5,
2007/5/12,,,,,1604,
2007/6/12,,,,,1587,
2007/9/12,,,,,1585,
2007/10/12,,,,,1595.3,
2007/11/12,,,,,1577,
2007/12/12,,,,,1556.3,
7/13/12,,,,,1595.5,
7/16/12,,,,,1589.8,
7/17/12,,,,,1585.3,
7/18/12,,,,,1575.3,
7/19/12,,,,,1584,
7/20/12,,,,,1576.3,
7/23/12,,,,,1572.3,
7/24/12,,,,,1583.3,
7/25/12,,,,,1601,
7/26/12,,,,,1618,
7/27/12,,,,,1618.3,
7/30/12,,,,,1617.8,
7/31/12,,,,,1622,
2008/1/12,,,,,1599,
2008/2/12,,,,,1597,
2008/3/12,,,,,1602,
2008/6/12,,,,,1610,
2008/7/12,,,,,1611,
2008/8/12,,,,,1613.3,
2008/9/12,,,,,1615,
2008/10/12,,,,,1618.5,
8/13/12,,,,,1622.5,
8/14/12,,,,,1597.8,
8/15/12,,,,,1601.8,
8/16/12,,,,,1604.5,
8/17/12,,,,,1614.8,
8/20/12,,,,,1615,
8/21/12,,,,,1639.5,
8/22/12,,,,,1642,
8/23/12,,,,,1665.3,
8/24/12,,,,,1667,
8/27/12,,,,,1667,
8/28/12,,,,,1668,
8/29/12,,,,,1660,
8/30/12,,,,,1660.5,
8/31/12,,,,,1648.5,
2009/3/12,,,,,1691.5,
2009/4/12,,,,,1697,
2009/5/12,,,,,1690,
2009/6/12,,,,,1701,
2009/7/12,,,,,1728,
2009/10/12,,,,,1732,
2009/11/12,,,,,1736.8,
2009/12/12,,,,,1737,
9/13/12,,,,,1733.3,
9/14/12,,,,,1775.5,
9/17/12,,,,,1770,
9/18/12,,,,,1769.5,
9/19/12,,,,,1766.8,
9/20/12,,,,,1758.5,
9/21/12,,,,,1784.5,
9/24/12,,,,,1762.5,
9/25/12,,,,,1771.5,
9/26/12,,,,,1744.8,
9/27/12,,,,,1763,
9/28/12,,,,,1776,
2010/1/12,,,,,1787,
2010/2/12,,,,,1775.5,
2010/3/12,,,,,1775.3,
2010/4/12,,,,,1791.8,
2010/5/12,,,,,1784,
2010/8/12,,,,,1773.5,
2010/9/12,,,,,1774,
2010/10/12,,,,,1761.3,
2010/11/12,,,,,1769,
2010/12/12,,,,,1766.8,
10/15/12,,,,,1736,
10/16/12,,,,,1746.5,
10/17/12,,,,,1749,
10/18/12,,,,,1743,
10/19/12,,,,,1737,
10/22/12,,,,,1726.8,
10/23/12,,,,,1711,
10/24/12,,,,,1706.5,
10/25/12,,,,,1715.5,
10/26/12,,,,,1716,
10/29/12,,,,,1707,
10/30/12,,,,,1710,
10/31/12,,,,,1719,
2011/1/12,,,,,1716.3,
2011/2/12,,,,,1685,
2011/5/12,,,,,1683.5,
2011/6/12,,,,,1691,
2011/7/12,,,,,1715.3,
2011/8/12,,,,,1717,
2011/9/12,,,,,1738.3,
2011/12/12,,,,,1735.3,
11/13/12,,,,,1726.3,
11/14/12,,,,,1725.8,
11/15/12,,,,,1710,
11/16/12,,,,,1713.5,
11/19/12,,,,,1730.5,
11/20/12,,,,,1732.3,
11/21/12,,,,,1724,
11/22/12,,,,,1731,
11/23/12,,,,,1734.5,
11/26/12,,,,,1750.5,
11/27/12,,,,,1746.3,
11/28/12,,,,,1708,
11/29/12,,,,,1725,
11/30/12,,,,,1726,
2012/3/12,,,,,1720,
2012/4/12,,,,,1697.8,
2012/5/12,,,,,1694,
2012/6/12,,,,,1694.3,
2012/7/12,,,,,1701.5,
2012/10/12,,,,,1712.5,
2012/11/12,,,,,1710,
2012/12/12,,,,,1716.3,
12/13/12,,,,,1692.8,
12/14/12,,,,,1696.3,
12/17/12,,,,,1695.8,
12/18/12,,,,,1694,
12/19/12,,,,,1665,
12/20/12,,,,,1650.5,
12/21/12,,,,,1651.5,
12/24/12,,,,,1651.5,
12/25/12,,,,,1651.5,
12/26/12,,,,,1651.5,
12/27/12,,,,,1655.5,
12/28/12,,,,,1657.5,
12/31/12,,,,,1657.5,
2001/1/13,,,,,1657.5,
2001/2/13,,,,,1693.8,
2001/3/13,,,,,1679.5,
2001/4/13,,,,,1648,
2001/7/13,,,,,1645.3,
2001/8/13,,,,,1656,
2001/9/13,,,,,1657.8,
2001/10/13,,,,,1675,
2001/11/13,,,,,1657.5,
1/14/13,,,,,1666.5,
1/15/13,,,,,1680.5,
1/16/13,,,,,1676.3,
1/17/13,,,,,1675,
1/18/13,,,,,1688.5,
1/21/13,,,,,1687.5,
1/22/13,,,,,1690.5,
1/23/13,,,,,1690.3,
1/24/13,,,,,1671,
1/25/13,,,,,1660,
1/28/13,,,,,1656.5,
1/29/13,,,,,1663.5,
1/30/13,,,,,1677.5,
1/31/13,,,,,1664.8,
2002/1/13,,,,,1669,
2002/4/13,,,,,1666,
2002/5/13,,,,,1673.5,
2002/6/13,,,,,1674.3,
2002/7/13,,,,,1668,
2002/8/13,,,,,1668.3,
2002/11/13,,,,,1652,
2002/12/13,,,,,1647.5,
2/13/13,,,,,1645,
2/14/13,,,,,1646,
2/15/13,,,,,1612.3,
2/18/13,,,,,1610.8,
2/19/13,,,,,1607.8,
2/20/13,,,,,1588.5,
2/21/13,,,,,1577,
2/22/13,,,,,1576.5,
2/25/13,,,,,1586.3,
2/26/13,,,,,1590.5,
2/27/13,,,,,1604.3,
2/28/13,,,,,1588.5,
2003/1/13,,,,,1582.3,
2003/4/13,,,,,1574.3,
2003/5/13,,,,,1579.8,
2003/6/13,,,,,1574,
2003/7/13,,,,,1579.5,
2003/8/13,,,,,1581.8,
2003/11/13,,,,,1579,
2003/12/13,,,,,1594,
3/13/13,,,,,1589.3,
3/14/13,,,,,1586,
3/15/13,,,,,1595.5,
3/18/13,,,,,1603.8,
3/19/13,,,,,1610.8,
3/20/13,,,,,1607.5,
3/21/13,,,,,1613.8,
3/22/13,,,,,1607.8,
3/25/13,,,,,1599.3,
3/26/13,,,,,1598,
3/27/13,,,,,1603,
3/28/13,,,,,1598.3,
3/29/13,,,,,1598.3,
2004/1/13,,,,,1598.3,
2004/2/13,,,,,1583.5,
2004/3/13,,,,,1574.8,
2004/4/13,,,,,1546.5,
2004/5/13,,,,,1568,
2004/8/13,,,,,1575,
2004/9/13,,,,,1577.3,
2004/10/13,,,,,1575,
2004/11/13,,,,,1565,
2004/12/13,,,,,1535.5,
4/15/13,,,,,1395,
4/16/13,,,,,1380,
4/17/13,,,,,1392,
4/18/13,,,,,1393.8,
4/19/13,,,,,1405.5,
4/22/13,,,,,1424.5,
4/23/13,,,,,1408,
4/24/13,,,,,1428.5,
4/25/13,,,,,1451,
4/26/13,,,,,1471.5,
4/29/13,,,,,1467.5,
4/30/13,,,,,1469,
2005/1/13,,,,,1454.8,
2005/2/13,,,,,1469.3,
2005/3/13,,,,,1469.3,
2005/6/13,,,,,1469.3,
2005/7/13,,,,,1444.3,
2005/8/13,,,,,1468,
2005/9/13,,,,,1465.5,
2005/10/13,,,,,1426.5,
5/13/13,,,,,1430.8,
5/14/13,,,,,1433.8,
5/15/13,,,,,1410,
5/16/13,,,,,1381,
5/17/13,,,,,1368.8,
5/20/13,,,,,1354.8,
5/21/13,,,,,1360.8,
5/22/13,,,,,1408.5,
5/23/13,,,,,1380.5,
5/24/13,,,,,1390.3,
5/27/13,,,,,1390.3,
5/28/13,,,,,1376.5,
5/29/13,,,,,1382.5,
5/30/13,,,,,1413.5,
5/31/13,,,,,1394.5,
2006/3/13,,,,,1402.5,
2006/4/13,,,,,1399.5,
2006/5/13,,,,,1404,
2006/6/13,,,,,1400,
2006/7/13,,,,,1386,
2006/10/13,,,,,1383.3,
2006/11/13,,,,,1374.3,
2006/12/13,,,,,1382.8,
6/13/13,,,,,1385,
6/14/13,,,,,1391.3,
6/17/13,,,,,1384.8,
6/18/13,,,,,1366.8,
6/19/13,,,,,1372.8,
6/20/13,,,,,1292.5,
6/21/13,,,,,1295.3,
6/24/13,,,,,1286.8,
6/25/13,,,,,1279,
6/26/13,,,,,1236.3,
6/27/13,,,,,1232.8,
6/28/13,,,,,1192,
2007/1/13,,,,,1242.8,
2007/2/13,,,,,1252.5,
2007/3/13,,,,,1250,
2007/4/13,,,,,1251.8,
2007/5/13,,,,,1212.8,
2007/8/13,,,,,1235.3,
2007/9/13,,,,,1255.5,
2007/10/13,,,,,1256,
2007/11/13,,,,,1285,
2007/12/13,,,,,1279.8,
7/15/13,,,,,1284.8,
7/16/13,,,,,1291.5,
7/17/13,,,,,1297.3,
7/18/13,,,,,1283.3,
7/19/13,,,,,1295.8,
7/22/13,,,,,1327,
7/23/13,,,,,1333.5,
7/24/13,,,,,1335,
7/25/13,,,,,1326,
7/26/13,,,,,1331,
7/29/13,,,,,1329.8,
7/30/13,,,,,1324.2,
7/31/13,,,,,1314.5,
2008/1/13,,,,,1315,
2008/2/13,,,,,1309.3,
2008/5/13,,,,,1304.8,
2008/6/13,,,,,1280.5,
2008/7/13,,,,,1282.5,
2008/8/13,,,,,1298.3,
2008/9/13,,,,,1309,
2008/12/13,,,,,1341,
8/13/13,,,,,1328.5,
8/14/13,,,,,1326.5,
8/15/13,,,,,1329.8,
8/16/13,,,,,1369.3,
8/19/13,,,,,1365,
8/20/13,,,,,1372.5,
8/21/13,,,,,1363,
8/22/13,,,,,1375.5,
8/23/13,,,,,1377.5,
8/26/13,,,,,1377.5,
8/27/13,,,,,1419.3,
8/28/13,,,,,1419.5,
8/29/13,,,,,1407.8,
8/30/13,,,,,1394.8,
2009/2/13,,,,,1392.3,
2009/3/13,,,,,1399.5,
2009/4/13,,,,,1390,
2009/5/13,,,,,1385,
2009/6/13,,,,,1387,
2009/9/13,,,,,1390,
2009/10/13,,,,,1358.3,
2009/11/13,,,,,1363.8,
2009/12/13,,,,,1328,
9/13/13,,,,,1318.5,
9/16/13,,,,,1324,
9/17/13,,,,,1312.3,
9/18/13,,,,,1301,
9/19/13,,,,,1365.5,
9/20/13,,,,,1349.3,
9/23/13,,,,,1323,
9/24/13,,,,,1314.3,
9/25/13,,,,,1322.8,
9/26/13,,,,,1333,
9/27/13,,,,,1341,
9/30/13,,,,,1326.5,
2010/1/13,,,,,1290.8,
2010/2/13,,,,,1306.3,
2010/3/13,,,,,1316,
2010/4/13,,,,,1309.8,
2010/7/13,,,,,1323.5,
2010/8/13,,,,,1329.5,
2010/9/13,,,,,1304,
2010/10/13,,,,,1298.5,
2010/11/13,,,,,1265.5,
10/14/13,,,,,1285.5,
10/15/13,,,,,1270.5,
10/16/13,,,,,1273.5,
10/17/13,,,,,1319.3,
10/18/13,,,,,1316.5,
10/21/13,,,,,1317.5,
10/22/13,,,,,1333,
10/23/13,,,,,1331.3,
10/24/13,,,,,1344.8,
10/25/13,,,,,1347.8,
10/28/13,,,,,1361,
10/29/13,,,,,1349.3,
10/30/13,,,,,1354.8,
10/31/13,,,,,1324,
2011/1/13,,,,,1306.8,
2011/4/13,,,,,1320.5,
2011/5/13,,,,,1307.3,
2011/6/13,,,,,1319,
2011/7/13,,,,,1307.3,
2011/8/13,,,,,1285.5,
2011/11/13,,,,,1282.5,
2011/12/13,,,,,1281.3,
11/13/13,,,,,1272.5,
11/14/13,,,,,1286,
11/15/13,,,,,1287.3,
11/18/13,,,,,1283.5,
11/19/13,,,,,1275.8,
11/20/13,,,,,1257,
11/21/13,,,,,1240,
11/22/13,,,,,1246.3,
11/25/13,,,,,1243,
11/26/13,,,,,1247.5,
11/27/13,,,,,1245,
11/28/13,,,,,1245.5,
11/29/13,,,,,1253,
2012/2/13,,,,,1229.5,
2012/3/13,,,,,1217.3,
2012/4/13,,,,,1227.5,
2012/5/13,,,,,1222.5,
2012/6/13,,,,,1233,
2012/9/13,,,,,1237,
2012/10/13,,,,,1266.3,
2012/11/13,,,,,1260.8,
2012/12/13,,,,,1225.3,
12/13/13,,,,,1232,
12/16/13,,,,,1234.8,
12/17/13,,,,,1231.8,
12/18/13,,,,,1230.5,
12/19/13,,,,,1196,
12/20/13,,,,,1195.3,
12/23/13,,,,,1199,
12/24/13,,,,,1199,
12/25/13,,,,,1199,
12/26/13,,,,,1199,
12/27/13,,,,,1214.5,
12/30/13,,,,,1204.5,
12/31/13,,,,,1204.5,
2001/1/14,,,,,1204.5,
2001/2/14,,,,,1225,
2001/3/14,,,,,1234.5,
2001/6/14,,,,,1246.3,
2001/7/14,,,,,1227.5,
2001/8/14,,,,,1221,
2001/9/14,,,,,1226,
2001/10/14,,,,,1244.3,
1/13/14,,,,,1248,
1/14/14,,,,,1251.5,
1/15/14,,,,,1236,
1/16/14,,,,,1241.5,
1/17/14,,,,,1250,
1/20/14,,,,,1255.8,
1/21/14,,,,,1238,
1/22/14,,,,,1241,
1/23/14,,,,,1263,
1/24/14,,,,,1267,
1/27/14,,,,,1260.5,
1/28/14,,,,,1251.3,
1/29/14,,,,,1264,
1/30/14,,,,,1242.5,
1/31/14,,,,,1251,
2002/3/14,,,,,1262,
2002/4/14,,,,,1250.3,
2002/5/14,,,,,1254.5,
2002/6/14,,,,,1256.5,
2002/7/14,,,,,1259.3,
2002/10/14,,,,,1277,
2002/11/14,,,,,1282,
2002/12/14,,,,,1289.5,
2/13/14,,,,,1296,
2/14/14,,,,,1320,
2/17/14,,,,,1327.5,
2/18/14,,,,,1320.8,
2/19/14,,,,,1320.5,
2/20/14,,,,,1316.3,
2/21/14,,,,,1323.3,
2/24/14,,,,,1334.8,
2/25/14,,,,,1339,
2/26/14,,,,,1331.8,
2/27/14,,,,,1332.3,
2/28/14,,,,,1326.5,
2003/3/14,,,,,1349.5,
2003/4/14,,,,,1334.8,
2003/5/14,,,,,1337,
2003/6/14,,,,,1345.3,
2003/7/14,,,,,1335.3,
2003/10/14,,,,,1344,
2003/11/14,,,,,1346.3,
2003/12/14,,,,,1366,
3/13/14,,,,,1368.8,
3/14/14,,,,,1385,
3/17/14,,,,,1378.5,
3/18/14,,,,,1355.8,
3/19/14,,,,,1338,
3/20/14,,,,,1327,
3/21/14,,,,,1336,
3/24/14,,,,,1310.8,
3/25/14,,,,,1313.5,
3/26/14,,,,,1304,
3/27/14,,,,,1296,
3/28/14,,,,,1294.8,
3/31/14,,,,,1291.8,
2004/1/14,,,,,1283.8,
2004/2/14,,,,,1292,
2004/3/14,,,,,1284,
2004/4/14,,,,,1297.3,
2004/7/14,,,,,1299,
2004/8/14,,,,,1309.5,
2004/9/14,,,,,1301.8,
2004/10/14,,,,,1320.5,
2004/11/14,,,,,1318,
4/14/14,,,,,1325.8,
4/15/14,,,,,1298,
4/16/14,,,,,1301.5,
4/17/14,,,,,1299,
4/18/14,,,,,1299,
4/21/14,,,,,1299,
4/22/14,,,,,1286.8,
4/23/14,,,,,1285.3,
4/24/14,,,,,1291.5,
4/25/14,,,,,1301.3,
4/28/14,,,,,1299,
4/29/14,,,,,1297.8,
4/30/14,,,,,1288.5,
2005/1/14,,,,,1278.5,
2005/2/14,,,,,1281.3,
2005/5/14,,,,,1281.3,
2005/6/14,,,,,1306.3,
2005/7/14,,,,,1296,
2005/8/14,,,,,1287,
2005/9/14,,,,,1291.3,
2005/12/14,,,,,1298.8,
5/13/14,,,,,1296.5,
5/14/14,,,,,1305.3,
5/15/14,,,,,1299,
5/16/14,,,,,1291.5,
5/19/14,,,,,1302,
5/20/14,,,,,1295.5,
5/21/14,,,,,1287.3,
5/22/14,,,,,1298.5,
5/23/14,,,,,1291.5,
5/26/14,,,,,1291.5,
5/27/14,,,,,1275.5,
5/28/14,,,,,1263.5,
5/29/14,,,,,1255,
5/30/14,,,,,1250.5,
2006/2/14,,,,,1247.3,
2006/3/14,,,,,1242.8,
2006/4/14,,,,,1245.3,
2006/5/14,,,,,1252.5,
2006/6/14,,,,,1247.5,
2006/9/14,,,,,1253.5,
2006/10/14,,,,,1259.5,
2006/11/14,,,,,1262,
2006/12/14,,,,,1265.8,
6/13/14,,,,,1273,
6/16/14,,,,,1276.3,
6/17/14,,,,,1267.5,
6/18/14,,,,,1269.8,
6/19/14,,,,,1293,
6/20/14,,,,,1312.5,
6/23/14,,,,,1313.5,
6/24/14,,,,,1318.5,
6/25/14,,,,,1316.8,
6/26/14,,,,,1311.8,
6/27/14,,,,,1317.5,
6/30/14,,,,,1315,
2007/1/14,,,,,1327.5,
2007/2/14,,,,,1326.5,
2007/3/14,,,,,1317.5,
2007/4/14,,,,,1319.3,
2007/7/14,,,,,1313,
2007/8/14,,,,,1323,
2007/9/14,,,,,1322.8,
2007/10/14,,,,,1340.3,
2007/11/14,,,,,1335,
7/14/14,,,,,1306,
7/15/14,,,,,1310,
7/16/14,,,,,1301,
7/17/14,,,,,1302.5,
7/18/14,,,,,1307.3,
7/21/14,,,,,1311.5,
7/22/14,,,,,1310.3,
7/23/14,,,,,1308,
7/24/14,,,,,1292.8,
7/25/14,,,,,1294.8,
7/28/14,,,,,1304.5,
7/29/14,,,,,1299.3,
7/30/14,,,,,1294.5,
7/31/14,,,,,1285.3,
2008/1/14,,,,,1291.3,
2008/4/14,,,,,1290.5,
2008/5/14,,,,,1284.8,
2008/6/14,,,,,1306.5,
2008/7/14,,,,,1305.3,
2008/8/14,,,,,1309.8,
2008/11/14,,,,,1307.3,
2008/12/14,,,,,1315.8,
8/13/14,,,,,1312,
8/14/14,,,,,1313.5,
8/15/14,,,,,1296,
8/18/14,,,,,1296.8,
8/19/14,,,,,1296.5,
8/20/14,,,,,1295,
8/21/14,,,,,1275.3,
8/22/14,,,,,1277.3,
8/25/14,,,,,1277.3,
8/26/14,,,,,1286,
8/27/14,,,,,1282.8,
8/28/14,,,,,1292,
8/29/14,,,,,1285.8,
2009/1/14,,,,,1286.5,
2009/2/14,,,,,1267,
2009/3/14,,,,,1265.5,
2009/4/14,,,,,1271.5,
2009/5/14,,,,,1266,
2009/8/14,,,,,1259,
2009/9/14,,,,,1255.8,
2009/10/14,,,,,1251,
2009/11/14,,,,,1241.3,
2009/12/14,,,,,1231.5,
9/15/14,,,,,1234.3,
9/16/14,,,,,1232.3,
9/17/14,,,,,1236,
9/18/14,,,,,1220.5,
9/19/14,,,,,1219.8,
9/22/14,,,,,1213.5,
9/23/14,,,,,1222,
9/24/14,,,,,1217.3,
9/25/14,,,,,1213.8,
9/26/14,,,,,1213.8,
9/29/14,,,,,1219.5,
9/30/14,,,,,1216.5,
2010/1/14,,,,,1216.5,
2010/2/14,,,,,1211.8,
2010/3/14,,,,,1195,
2010/6/14,,,,,1195.8,
2010/7/14,,,,,1210.5,
2010/8/14,,,,,1217,
2010/9/14,,,,,1226.8,
2010/10/14,,,,,1219,
10/13/14,,,,,1229,
10/14/14,,,,,1234.8,
10/15/14,,,,,1237.5,
10/16/14,,,,,1237.8,
10/17/14,,,,,1234.3,
10/20/14,,,,,1244.5,
10/21/14,,,,,1250.3,
10/22/14,,,,,1243.8,
10/23/14,,,,,1232.8,
10/24/14,,,,,1232.8,
10/27/14,,,,,1228.8,
10/28/14,,,,,1229.3,
10/29/14,,,,,1223.5,
10/30/14,,,,,1202,
10/31/14,,,,,1164.3,
2011/3/14,,,,,1167.8,
2011/4/14,,,,,1166.5,
2011/5/14,,,,,1142,
2011/6/14,,,,,1145,
2011/7/14,,,,,1154.5,
2011/10/14,,,,,1162,
2011/11/14,,,,,1156.5,
2011/12/14,,,,,1164.5,
11/13/14,,,,,1161.8,
11/14/14,,,,,1169,
11/17/14,,,,,1182.5,
11/18/14,,,,,1192.8,
11/19/14,,,,,1196,
11/20/14,,,,,1190,
11/21/14,,,,,1203.8,
11/24/14,,,,,1197.5,
11/25/14,,,,,1199,
11/26/14,,,,,1197.5,
11/27/14,,,,,1194.8,
11/28/14,,,,,1182.8,
2012/1/14,,,,,1194,
2012/2/14,,,,,1195,
2012/3/14,,,,,1204.8,
2012/4/14,,,,,1209,
2012/5/14,,,,,1194,
2012/8/14,,,,,1193,
2012/9/14,,,,,1227,
2012/10/14,,,,,1229,
2012/11/14,,,,,1216.3,
2012/12/14,,,,,1217,
12/15/14,,,,,1209.3,
12/16/14,,,,,1202.5,
12/17/14,,,,,1195.8,
12/18/14,,,,,1199,
12/19/14,,,,,1195.5,
12/22/14,,,,,1195.3,
12/23/14,,,,,1175.8,
12/24/14,,,,,1175.8,
12/25/14,,,,,1175.8,
12/26/14,,,,,1175.8,
12/29/14,,,,,1185.5,
12/30/14,,,,,1206,
12/31/14,,,,,1206,
2001/1/15,,,,,1206,
2001/2/15,,,,,1172,
2001/5/15,,,,,1200,
2001/6/15,,,,,1210.3,
2001/7/15,,,,,1210.5,
2001/8/15,,,,,1215.5,
2001/9/15,,,,,1217.8,
2001/12/15,,,,,1226.5,
1/13/15,,,,,1231.5,
1/14/15,,,,,1235,
1/15/15,,,,,1259,
1/16/15,,,,,1277.5,
1/19/15,,,,,1273.8,
1/20/15,,,,,1288.8,
1/21/15,,,,,1293.5,
1/22/15,,,,,1295.8,
1/23/15,,,,,1294.8,
1/26/15,,,,,1281.3,
1/27/15,,,,,1288.5,
1/28/15,,,,,1288,
1/29/15,,,,,1268.8,
1/30/15,,,,,1260.3,
2002/2/15,,,,,1272.5,
2002/3/15,,,,,1264.3,
2002/4/15,,,,,1268.5,
2002/5/15,,,,,1259.3,
2002/6/15,,,,,1241,
2002/9/15,,,,,1238.5,
2002/10/15,,,,,1234.5,
2002/11/15,,,,,1223.8,
2002/12/15,,,,,1222.5,
2/13/15,,,,,1232.5,
2/16/15,,,,,1229.3,
2/17/15,,,,,1209.5,
2/18/15,,,,,1206,
2/19/15,,,,,1209.5,
2/20/15,,,,,1208.3,
2/23/15,,,,,1204.5,
2/24/15,,,,,1192.5,
2/25/15,,,,,1204.8,
2/26/15,,,,,1208.3,
2/27/15,,,,,1214,
2003/2/15,,,,,1212.5,
2003/3/15,,,,,1212.8,
2003/4/15,,,,,1199.5,
2003/5/15,,,,,1202,
2003/6/15,,,,,1175.8,
2003/9/15,,,,,1168.5,
2003/10/15,,,,,1162,
2003/11/15,,,,,1150,
2003/12/15,,,,,1152.3,
3/13/15,,,,,1152,
3/16/15,,,,,1150.8,
3/17/15,,,,,1150.8,
3/18/15,,,,,1147.3,
3/19/15,,,,,1166,
3/20/15,,,,,1183.1,
3/23/15,,,,,1186.3,
3/24/15,,,,,1191.5,
3/25/15,,,,,1195.6,
3/26/15,,,,,1203.2,
3/27/15,,,,,1195.8,
3/30/15,,,,,1185.5,
3/31/15,,,,,1187,
2004/1/15,,,,,1197,
2004/2/15,,,,,1198.5,
2004/3/15,,,,,1198.5,
2004/6/15,,,,,1198.5,
2004/7/15,,,,,1211,
2004/8/15,,,,,1207.3,
2004/9/15,,,,,1194.8,
2004/10/15,,,,,1207.4,
4/13/15,,,,,1198.9,
4/14/15,,,,,1194.8,
4/15/15,,,,,1192.9,
4/16/15,,,,,1204.4,
4/17/15,,,,,1203.4,
4/20/15,,,,,1196.5,
4/21/15,,,,,1195.3,
4/22/15,,,,,1189.3,
4/23/15,,,,,1185.8,
4/24/15,,,,,1183,
4/27/15,,,,,1200,
4/28/15,,,,,1209,
4/29/15,,,,,1209,
4/30/15,,,,,1180.3,
2005/1/15,,,,,1176,
2005/4/15,,,,,1176,
2005/5/15,,,,,1197,
2005/6/15,,,,,1194.3,
2005/7/15,,,,,1187,
2005/8/15,,,,,1186,
2005/11/15,,,,,1189.3,
2005/12/15,,,,,1191.5,
5/13/15,,,,,1210.5,
5/14/15,,,,,1225,
5/15/15,,,,,1220.5,
5/18/15,,,,,1223.5,
5/19/15,,,,,1214.3,
5/20/15,,,,,1210.5,
5/21/15,,,,,1205,
5/22/15,,,,,1204.1,
5/25/15,,,,,1204.1,
5/26/15,,,,,1185.4,
5/27/15,,,,,1185.9,
5/28/15,,,,,1185,
5/29/15,,,,,1191.4,
2006/1/15,,,,,1199.9,
2006/2/15,,,,,1192.8,
2006/3/15,,,,,1190,
2006/4/15,,,,,1176,
2006/5/15,,,,,1164.6,
2006/8/15,,,,,1172.8,
2006/9/15,,,,,1177.4,
2006/10/15,,,,,1188.5,
2006/11/15,,,,,1178.5,
2006/12/15,,,,,1182.8,
6/15/15,,,,,1181.4,
6/16/15,,,,,1177.8,
6/17/15,,,,,1178,
6/18/15,,,,,1201.9,
6/19/15,,,,,1203.4,
6/22/15,,,,,1185.5,
6/23/15,,,,,1178,
6/24/15,,,,,1173.8,
6/25/15,,,,,1172.7,
6/26/15,,,,,1170.5,
6/29/15,,,,,1176,
6/30/15,,,,,1171,
2007/1/15,,,,,1168,
2007/2/15,,,,,1165.3,
2007/3/15,,,,,1168,
2007/6/15,,,,,1166,
2007/7/15,,,,,1156.3,
2007/8/15,,,,,1158.5,
2007/9/15,,,,,1164.3,
2007/10/15,,,,,1159.3,
7/13/15,,,,,1154,
7/14/15,,,,,1157.4,
7/15/15,,,,,1147.4,
7/16/15,,,,,1144.4,
7/17/15,,,,,1132.8,
7/20/15,,,,,1104.6,
7/21/15,,,,,1105.6,
7/22/15,,,,,1088.6,
7/23/15,,,,,1097.4,
7/24/15,,,,,1080.8,
7/27/15,,,,,1100,
7/28/15,,,,,1096.2,
7/29/15,,,,,1090.3,
7/30/15,,,,,1087.5,
7/31/15,,,,,1098.4,
2008/3/15,,,,,1091.9,
2008/4/15,,,,,1090.7,
2008/5/15,,,,,1085.1,
2008/6/15,,,,,1089.8,
2008/7/15,,,,,1093.5,
2008/10/15,,,,,1097,
2008/11/15,,,,,1108.3,
2008/12/15,,,,,1119,
8/13/15,,,,,1116.8,
8/14/15,,,,,1118.3,
8/17/15,,,,,1118.8,
8/18/15,,,,,1111.5,
8/19/15,,,,,1126.2,
8/20/15,,,,,1147.7,
8/21/15,,,,,1156.5,
8/24/15,,,,,1166.5,
8/25/15,,,,,1137.5,
8/26/15,,,,,1120.8,
8/27/15,,,,,1119,
8/28/15,,,,,1135,
8/31/15,,,,,1135,
2009/1/15,,,,,1142.3,
2009/2/15,,,,,1137.8,
2009/3/15,,,,,1128,
2009/4/15,,,,,1118.3,
2009/7/15,,,,,1119.5,
2009/8/15,,,,,1121.2,
2009/9/15,,,,,1109.9,
2009/10/15,,,,,1109.5,
2009/11/15,,,,,1100.3,
9/14/15,,,,,1104.8,
9/15/15,,,,,1106,
9/16/15,,,,,1117.6,
9/17/15,,,,,1117.5,
9/18/15,,,,,1141.5,
9/21/15,,,,,1133.3,
9/22/15,,,,,1122.9,
9/23/15,,,,,1131.4,
9/24/15,,,,,1154.5,
9/25/15,,,,,1146.7,
9/28/15,,,,,1131.1,
9/29/15,,,,,1132.1,
9/30/15,,,,,1114,
2010/1/15,,,,,1119,
2010/2/15,,,,,1140.8,
2010/5/15,,,,,1139.8,
2010/6/15,,,,,1147.5,
2010/7/15,,,,,1144.6,
2010/8/15,,,,,1140,
2010/9/15,,,,,1151.6,
2010/12/15,,,,,1164.9,
10/13/15,,,,,1165.2,
10/14/15,,,,,1173.9,
10/15/15,,,,,1184.3,
10/16/15,,,,,1180.9,
10/19/15,,,,,1175.4,
10/20/15,,,,,1177.8,
10/21/15,,,,,1167.1,
10/22/15,,,,,1167,
10/23/15,,,,,1161.3,
10/26/15,,,,,1166.4,
10/27/15,,,,,1165.7,
10/28/15,,,,,1179.6,
10/29/15,,,,,1148.6,
10/30/15,,,,,1142.4,
2011/2/15,,,,,1134,
2011/3/15,,,,,1123.1,
2011/4/15,,,,,1114.7,
2011/5/15,,,,,1106.3,
2011/6/15,,,,,1088.9,
2011/9/15,,,,,1089.6,
2011/10/15,,,,,1087.1,
2011/11/15,,,,,1085.9,
2011/12/15,,,,,1087.4,
11/13/15,,,,,1081.5,
11/16/15,,,,,1084.8,
11/17/15,,,,,1079.2,
11/18/15,,,,,1067.8,
11/19/15,,,,,1082.6,
11/20/15,,,,,1081.8,
11/23/15,,,,,1070.5,
11/24/15,,,,,1076.4,
11/25/15,,,,,1068,
11/26/15,,,,,1071,
11/27/15,,,,,1057.4,
11/30/15,,,,,1061.9,
2012/1/15,,,,,1065.4,
2012/2/15,,,,,1055.4,
2012/3/15,,,,,1055.5,
2012/4/15,,,,,1079.3,
2012/7/15,,,,,1075.8,
2012/8/15,,,,,1072.1,
2012/9/15,,,,,1081,
2012/10/15,,,,,1071,
2012/11/15,,,,,1072.5,
12/14/15,,,,,1068.3,
12/15/15,,,,,1061.5,
12/16/15,,,,,1075.3,
12/17/15,,,,,1049.4,
12/18/15,,,,,1062.5,
12/21/15,,,,,1078.8,
12/22/15,,,,,1074.9,
12/23/15,,,,,1068.3,
12/24/15,,,,,1068.3,
12/25/15,,,,,1068.3,
12/28/15,,,,,1068.3,
12/29/15,,,,,1070.1,
12/30/15,,,,,1060,
12/31/15,,,,,1060,
2001/1/16,,,,,1060,
2001/4/16,,,,,1082.3,
2001/5/16,,,,,1077,
2001/6/16,,,,,1091.4,
2001/7/16,,,,,1106.4,
2001/8/16,,,,,1101.9,
2001/11/16,,,,,1100.8,
2001/12/16,,,,,1085.4,
1/13/16,,,,,1088.2,
1/14/16,,,,,1088.4,
1/15/16,,,,,1093.8,
1/18/16,,,,,1089.2,
1/19/16,,,,,1086.3,
1/20/16,,,,,1101.8,
1/21/16,,,,,1096.5,
1/22/16,,,,,1096.3,
1/25/16,,,,,1106.6,
1/26/16,,,,,1113.6,
1/27/16,,,,,1116.3,
1/28/16,,,,,1114,
1/29/16,,,,,1111.8,
2002/1/16,,,,,1126.5,
2002/2/16,,,,,1128.5,
2002/3/16,,,,,1132,
2002/4/16,,,,,1156.4,
2002/5/16,,,,,1150.4,
2002/8/16,,,,,1193.3,
2002/9/16,,,,,1191,
2002/10/16,,,,,1190,
2002/11/16,,,,,1241,
2002/12/16,,,,,1239.8,
2/15/16,,,,,1208.2,
2/16/16,,,,,1209.5,
2/17/16,,,,,1210,
2/18/16,,,,,1210.1,
2/19/16,,,,,1231.2,
2/22/16,,,,,1211,
2/23/16,,,,,1221.4,
2/24/16,,,,,1250.8,
2/25/16,,,,,1236,
2/26/16,,,,,1226.5,
2/29/16,,,,,1234.9,
2003/1/16,,,,,1236.5,
2003/2/16,,,,,1239.2,
2003/3/16,,,,,1250.3,
2003/4/16,,,,,1277.5,
2003/7/16,,,,,1267.9,
2003/8/16,,,,,1267,
2003/9/16,,,,,1246.4,
2003/10/16,,,,,1266.5,
2003/11/16,,,,,1264.8,
3/14/16,,,,,1242.8,
3/15/16,,,,,1232,
3/16/16,,,,,1228.5,
3/17/16,,,,,1266.5,
3/18/16,,,,,1252.1,
3/21/16,,,,,1244.9,
3/22/16,,,,,1252.5,
3/23/16,,,,,1217.6,
3/24/16,,,,,1221,
3/25/16,,,,,1221,
3/28/16,,,,,1221,
3/29/16,,,,,1226,
3/30/16,,,,,1236.3,
3/31/16,,,,,1237,
2004/1/16,,,,,1213.6,
2004/4/16,,,,,1219.8,
2004/5/16,,,,,1231.3,
2004/6/16,,,,,1221.4,
2004/7/16,,,,,1242.1,
2004/8/16,,,,,1239.5,
2004/11/16,,,,,1254.8,
2004/12/16,,,,,1254.6,
4/13/16,,,,,1245.8,
4/14/16,,,,,1233.9,
4/15/16,,,,,1227.1,
4/18/16,,,,,1234.3,
4/19/16,,,,,1255.4,
4/20/16,,,,,1252,
4/21/16,,,,,1249.3,
4/22/16,,,,,1243.3,
4/25/16,,,,,1238.9,
4/26/16,,,,,1241.7,
4/27/16,,,,,1247.4,
4/28/16,,,,,1256,
4/29/16,,,,,1285.7,
2005/2/16,,,,,1285.7,
2005/3/16,,,,,1294,
2005/4/16,,,,,1283,
2005/5/16,,,,,1280.3,
2005/6/16,,,,,1289,
2005/9/16,,,,,1265.3,
2005/10/16,,,,,1262.8,
2005/11/16,,,,,1276.9,
2005/12/16,,,,,1279.3,
5/13/16,,,,,1265.9,
5/16/16,,,,,1285.8,
5/17/16,,,,,1277,
5/18/16,,,,,1272.9,
5/19/16,,,,,1246.3,
5/20/16,,,,,1254.2,
5/23/16,,,,,1245.9,
5/24/16,,,,,1236.9,
5/25/16,,,,,1220.6,
5/26/16,,,,,1223.9,
5/27/16,,,,,1216.3,
5/30/16,,,,,1216.3,
5/31/16,,,,,1212.1,
2006/1/16,,,,,1214.5,
2006/2/16,,,,,1212.4,
2006/3/16,,,,,1240.5,
2006/6/16,,,,,1244,
2006/7/16,,,,,1241,
2006/8/16,,,,,1263,
2006/9/16,,,,,1263.9,
2006/10/16,,,,,1275.5,
6/13/16,,,,,1280.8,
6/14/16,,,,,1287.2,
6/15/16,,,,,1283.3,
6/16/16,,,,,1310.8,
6/17/16,,,,,1290.7,
6/20/16,,,,,1281.8,
6/21/16,,,,,1272.6,
6/22/16,,,,,1264.9,
6/23/16,,,,,1262.2,
6/24/16,,,,,1315.5,
6/27/16,,,,,1324.6,
6/28/16,,,,,1309.7,
6/29/16,,,,,1321.5,
6/30/16,,,,,1320.8,
2007/1/16,,,,,1340,
2007/4/16,,,,,1350.8,
2007/5/16,,,,,1350.8,
2007/6/16,,,,,1366.3,
2007/7/16,,,,,1356.7,
2007/8/16,,,,,1354.3,
2007/11/16,,,,,1357.1,
2007/12/16,,,,,1342.4,
7/13/16,,,,,1342.8,
7/14/16,,,,,1323.6,
7/15/16,,,,,1327,
7/18/16,,,,,1334.7,
7/19/16,,,,,1330.9,
7/20/16,,,,,1315.9,
7/21/16,,,,,1321.2,
7/22/16,,,,,1320.8,
7/25/16,,,,,1313.2,
7/26/16,,,,,1323,
7/27/16,,,,,1329,
7/28/16,,,,,1341.8,
7/29/16,,,,,1342,
2008/1/16,,,,,1349.7,
2008/2/16,,,,,1363.8,
2008/3/16,,,,,1358.9,
2008/4/16,,,,,1362.8,
2008/5/16,,,,,1340.4,
2008/8/16,,,,,1336.8,
2008/9/16,,,,,1341,
2008/10/16,,,,,1347.7,
2008/11/16,,,,,1355,
2008/12/16,,,,,1352.2,
8/15/16,,,,,1339.4,
8/16/16,,,,,1344,
8/17/16,,,,,1343.4,
8/18/16,,,,,1350.1,
8/19/16,,,,,1346.4,
8/22/16,,,,,1335.9,
8/23/16,,,,,1342,
8/24/16,,,,,1327.3,
8/25/16,,,,,1321.3,
8/26/16,,,,,1318.8,
8/29/16,,,,,1318.8,
8/30/16,,,,,1318.2,
8/31/16,,,,,1309.3,
2009/1/16,,,,,1309.5,
2009/2/16,,,,,1324.7,
2009/5/16,,,,,1326.4,
2009/6/16,,,,,1337.3,
2009/7/16,,,,,1348.4,
2009/8/16,,,,,1343.4,
2009/9/16,,,,,1330.9,
2009/12/16,,,,,1324.6,
9/13/16,,,,,1323.7,
9/14/16,,,,,1321.8,
9/15/16,,,,,1310.8,
9/16/16,,,,,1308.4,
9/19/16,,,,,1314.9,
9/20/16,,,,,1313.8,
9/21/16,,,,,1326.1,
9/22/16,,,,,1339.1,
9/23/16,,,,,1338.7,
9/26/16,,,,,1340.5,
9/27/16,,,,,1327,
9/28/16,,,,,1322.5,
9/29/16,,,,,1318.1,
9/30/16,,,,,1322.5,
2010/3/16,,,,,1313.3,
2010/4/16,,,,,1283.3,
2010/5/16,,,,,1269.4,
2010/6/16,,,,,1254.5,
2010/7/16,,,,,1258.8,
2010/10/16,,,,,1259.5,
2010/11/16,,,,,1253.5,
2010/12/16,,,,,1256.5,
10/13/16,,,,,1261.1,
10/14/16,,,,,1251.8,
10/17/16,,,,,1254.8,
10/18/16,,,,,1258.2,
10/19/16,,,,,1269.1,
10/20/16,,,,,1271.7,
10/21/16,,,,,1266.1,
10/24/16,,,,,1265.6,
10/25/16,,,,,1269.4,
10/26/16,,,,,1270.5,
10/27/16,,,,,1266.3,
10/28/16,,,,,1273,
10/31/16,,,,,1272,
2011/1/16,,,,,1288.5,
2011/2/16,,,,,1303.8,
2011/3/16,,,,,1301,
2011/4/16,,,,,1302.8,
2011/7/16,,,,,1283.1,
2011/8/16,,,,,1282.4,
2011/9/16,,,,,1281.4,
2011/10/16,,,,,1267.5,
2011/11/16,,,,,1236.5,
11/14/16,,,,,1213.6,
11/15/16,,,,,1227,
11/16/16,,,,,1229.2,
11/17/16,,,,,1226.8,
11/18/16,,,,,1211,
11/21/16,,,,,1214.3,
11/22/16,,,,,1212.3,
11/23/16,,,,,1185.4,
11/24/16,,,,,1186.1,
11/25/16,,,,,1187.7,
11/28/16,,,,,1187,
11/29/16,,,,,1186.6,
11/30/16,,,,,1178.1,
2012/1/16,,,,,1161.9,
2012/2/16,,,,,1173.5,
2012/5/16,,,,,1162.2,
2012/6/16,,,,,1172.5,
2012/7/16,,,,,1177.7,
2012/8/16,,,,,1171.1,
2012/9/16,,,,,1163.6,
2012/12/16,,,,,1156.1,
12/13/16,,,,,1158.6,
12/14/16,,,,,1162.3,
12/15/16,,,,,1127,
12/16/16,,,,,1131.6,
12/19/16,,,,,1136.3,
12/20/16,,,,,1125.7,
12/21/16,,,,,1133.7,
12/22/16,,,,,1131.4,
12/23/16,,,,,1131.4,
12/26/16,,,,,1131.4,
12/27/16,,,,,1131.4,
12/28/16,,,,,1134.6,
12/29/16,,,,,1145.9,
12/30/16,,,,,1145.9,
2001/2/17,,,,,1145.9,
2001/3/17,,,,,1151,
2001/4/17,,,,,1164.3,
2001/5/17,,,,,1176.7,
2001/6/17,,,,,1175.9,
2001/9/17,,,,,1178.5,
2001/10/17,,,,,1189.5,
2001/11/17,,,,,1178.6,
2001/12/17,,,,,1205.1,
1/13/17,,,,,1190.4,
1/16/17,,,,,1203,
1/17/17,,,,,1216.1,
1/18/17,,,,,1214.8,
1/19/17,,,,,1196.1,
1/20/17,,,,,1200.6,
1/23/17,,,,,1212.9,
1/24/17,,,,,1216.8,
1/25/17,,,,,1195,
1/26/17,,,,,1189.7,
1/27/17,,,,,1184.9,
1/30/17,,,,,1192.8,
1/31/17,,,,,1212.8,
2002/1/17,,,,,1203.7,
2002/2/17,,,,,1222,
2002/3/17,,,,,1215.2,
2002/6/17,,,,,1226.8,
2002/7/17,,,,,1231,
2002/8/17,,,,,1242.1,
2002/9/17,,,,,1236.8,
2002/10/17,,,,,1228.3,
2/13/17,,,,,1222.3,
2/14/17,,,,,1230.8,
2/15/17,,,,,1224.4,
2/16/17,,,,,1240.6,
2/17/17,,,,,1242,
2/20/17,,,,,1237.3,
2/21/17,,,,,1233.2,
2/22/17,,,,,1236.7,
2/23/17,,,,,1247.9,
2/24/17,,,,,1253.7,
2/27/17,,,,,1257.2,
2/28/17,,,,,1255.6,
2003/1/17,,,,,1240.4,
2003/2/17,,,,,1238.1,
2003/3/17,,,,,1226.5,
2003/6/17,,,,,1231,
2003/7/17,,,,,1216.7,
2003/8/17,,,,,1209.2,
2003/9/17,,,,,1206.6,
2003/10/17,,,,,1202.7,
3/13/17,,,,,1204.2,
3/14/17,,,,,1204.6,
3/15/17,,,,,1198.8,
3/16/17,,,,,1229.4,
3/17/17,,,,,1229.6,
3/20/17,,,,,1232.4,
3/21/17,,,,,1241.6,
3/22/17,,,,,1249.1,
3/23/17,,,,,1247.5,
3/24/17,,,,,1247.5,
3/27/17,,,,,1257.6,
3/28/17,,,,,1257.3,
3/29/17,,,,,1251.1,
3/30/17,,,,,1248.8,
3/31/17,,,,,1244.9,
2004/3/17,,,,,1247.3,
2004/4/17,,,,,1257.7,
2004/5/17,,,,,1245.8,
2004/6/17,,,,,1252.5,
2004/7/17,,,,,1266.5,
2004/10/17,,,,,1250.1,
2004/11/17,,,,,1252.9,
2004/12/17,,,,,1274.3,
4/13/17,,,,,1284.2,
4/14/17,,,,,1284.2,
4/17/17,,,,,1284.2,
4/18/17,,,,,1279,
4/19/17,,,,,1279.1,
4/20/17,,,,,1282.1,
4/21/17,,,,,1281.9,
4/24/17,,,,,1269.4,
4/25/17,,,,,1267.8,
4/26/17,,,,,1261.9,
4/27/17,,,,,1262.8,
4/28/17,,,,,1266.5,
2005/1/17,,,,,1266.5,
2005/2/17,,,,,1255.5,
2005/3/17,,,,,1250.3,
2005/4/17,,,,,1228.5,
2005/5/17,,,,,1228.1,
2005/8/17,,,,,1229.8,
2005/9/17,,,,,1220.4,
2005/10/17,,,,,1223,
2005/11/17,,,,,1223.2,
2005/12/17,,,,,1231.3,
5/15/17,,,,,1233.3,
5/16/17,,,,,1234.2,
5/17/17,,,,,1257.4,
5/18/17,,,,,1255.9,
5/19/17,,,,,1252,
5/22/17,,,,,1258.9,
5/23/17,,,,,1260.2,
5/24/17,,,,,1252.6,
5/25/17,,,,,1257,
5/26/17,,,,,1265.1,
5/29/17,,,,,1265.1,
5/30/17,,,,,1262.7,
5/31/17,,,,,1266.2,
2006/1/17,,,,,1264.9,
2006/2/17,,,,,1275,
2006/5/17,,,,,1280,
2006/6/17,,,,,1293.5,
2006/7/17,,,,,1291,
2006/8/17,,,,,1273.1,
2006/9/17,,,,,1266.6,
2006/12/17,,,,,1266.4,
6/13/17,,,,,1262,
6/14/17,,,,,1275.5,
6/15/17,,,,,1254.6,
6/16/17,,,,,1255.4,
6/19/17,,,,,1248.2,
6/20/17,,,,,1242.2,
6/21/17,,,,,1242.5,
6/22/17,,,,,1250.8,
6/23/17,,,,,1255.7,
6/26/17,,,,,1245.3,
6/27/17,,,,,1249.6,
6/28/17,,,,,1248,
6/29/17,,,,,1243.5,
6/30/17,,,,,1242.3,
2007/3/17,,,,,1229.3,
2007/4/17,,,,,1223.8,
2007/5/17,,,,,1220.3,
2007/6/17,,,,,1224.9,
2007/7/17,,,,,1215.7,
2007/10/17,,,,,1211.9,
2007/11/17,,,,,1211.1,
2007/12/17,,,,,1218.8,
7/13/17,,,,,1218.9,
7/14/17,,,,,1230.3,
7/17/17,,,,,1234.1,
7/18/17,,,,,1240.8,
7/19/17,,,,,1242.2,
7/20/17,,,,,1238.7,
7/21/17,,,,,1248.6,
7/24/17,,,,,1255.6,
7/25/17,,,,,1254.4,
7/26/17,,,,,1248.1,
7/27/17,,,,,1261.1,
7/28/17,,,,,1264.9,
7/31/17,,,,,1267.6,
2008/1/17,,,,,1271,
2008/2/17,,,,,1269.6,
2008/3/17,,,,,1268.1,
2008/4/17,,,,,1257.7,
2008/7/17,,,,,1258,
2008/8/17,,,,,1261.8,
2008/9/17,,,,,1271.1,
2008/10/17,,,,,1284.4,
2008/11/17,,,,,1286.1,
8/14/17,,,,,1282.3,
8/15/17,,,,,1270.3,
8/16/17,,,,,1272.8,
8/17/17,,,,,1285.2,
8/18/17,,,,,1295.8,
8/21/17,,,,,1292.9,
8/22/17,,,,,1284.2,
8/23/17,,,,,1286.7,
8/24/17,,,,,1289,
8/25/17,,,,,1285.3,
8/28/17,,,,,1285.3,
8/29/17,,,,,1318.7,
8/30/17,,,,,1308.5,
8/31/17,,,,,1311.8,
2009/1/17,,,,,1320.4,
2009/4/17,,,,,1333.1,
2009/5/17,,,,,1335.6,
2009/6/17,,,,,1337.9,
2009/7/17,,,,,1343.5,
2009/8/17,,,,,1346.3,
2009/11/17,,,,,1334.2,
2009/12/17,,,,,1326.5,
9/13/17,,,,,1327.6,
9/14/17,,,,,1324.6,
9/15/17,,,,,1322.9,
9/18/17,,,,,1312.1,
9/19/17,,,,,1309.6,
9/20/17,,,,,1311.3,
9/21/17,,,,,1292.1,
9/22/17,,,,,1294.8,
9/25/17,,,,,1293.3,
9/26/17,,,,,1300.1,
9/27/17,,,,,1282.6,
9/28/17,,,,,1283.4,
9/29/17,,,,,1283.1,
2010/2/17,,,,,1273.7,
2010/3/17,,,,,1271.3,
2010/4/17,,,,,1274.3,
2010/5/17,,,,,1274.5,
2010/6/17,,,,,1261.8,
2010/9/17,,,,,1278.8,
2010/10/17,,,,,1291.4,
2010/11/17,,,,,1289.3,
2010/12/17,,,,,1290.3,
10/13/17,,,,,1299.6,
10/16/17,,,,,1303.3,
10/17/17,,,,,1284.8,
10/18/17,,,,,1280.2,
10/19/17,,,,,1286.4,
10/20/17,,,,,1281.2,
10/23/17,,,,,1274.9,
10/24/17,,,,,1276.5,
10/25/17,,,,,1275,
10/26/17,,,,,1273.8,
10/27/17,,,,,1266.5,
10/30/17,,,,,1272,
10/31/17,,,,,1270.2,
2011/1/17,,,,,1277.1,
2011/2/17,,,,,1279.2,
2011/3/17,,,,,1267.2,
2011/6/17,,,,,1270.9,
2011/7/17,,,,,1275.6,
2011/8/17,,,,,1284,
2011/9/17,,,,,1284.8,
2011/10/17,,,,,1284.3,
11/13/17,,,,,1278,
11/14/17,,,,,1274.6,
11/15/17,,,,,1282.2,
11/16/17,,,,,1280,
11/17/17,,,,,1284.4,
11/20/17,,,,,1286.2,
11/21/17,,,,,1283.3,
11/22/17,,,,,1287,
11/23/17,,,,,1290.4,
11/24/17,,,,,1290.5,
11/27/17,,,,,1294.9,
11/28/17,,,,,1291.9,
11/29/17,,,,,1283.9,
11/30/17,,,,,1280.2,
2012/1/17,,,,,1275.5,
2012/4/17,,,,,1273.5,
2012/5/17,,,,,1266.3,
2012/6/17,,,,,1263.7,
2012/7/17,,,,,1255,
2012/8/17,,,,,1250.7,
2012/11/17,,,,,1247.2,
2012/12/17,,,,,1240.9,
12/13/17,,,,,1242.7,
12/14/17,,,,,1251,
12/15/17,,,,,1254.6,
12/18/17,,,,,1260.6,
12/19/17,,,,,1260.4,
12/20/17,,,,,1264.6,
12/21/17,,,,,1264.6,
12/22/17,,,,,1264.6,
12/25/17,,,,,1264.6,
12/26/17,,,,,1264.6,
12/27/17,,,,,1279.4,
12/28/17,,,,,1291,
12/29/17,,,,,1291,
2001/1/18,,,,,1291,
2001/2/18,,,,,1312.1,
2001/3/18,,,,,1314.9,
2001/4/18,,,,,1314.5,
2001/5/18,,,,,1317.2,
2001/8/18,,,,,1320,
2001/9/18,,,,,1311,
2001/10/18,,,,,1319.8,
2001/11/18,,,,,1323.1,
2001/12/18,,,,,1326.8,
1/15/18,,,,,1339.3,
1/16/18,,,,,1333.9,
1/17/18,,,,,1335.7,
1/18/18,,,,,1332.2,
1/19/18,,,,,1335,
1/22/18,,,,,1332.6,
1/23/18,,,,,1333.4,
1/24/18,,,,,1353.7,
1/25/18,,,,,1355,
1/26/18,,,,,1353.2,
1/29/18,,,,,1343.9,
1/30/18,,,,,1344.9,
1/31/18,,,,,1345.1,
2002/1/18,,,,,1341.4,
2002/2/18,,,,,1331.2,
2002/5/18,,,,,1333.6,
2002/6/18,,,,,1331.4,
2002/7/18,,,,,1324.7,
2002/8/18,,,,,1315.5,
2002/9/18,,,,,1314.1,
2002/12/18,,,,,1322.3,
2/13/18,,,,,1325.4,
2/14/18,,,,,1336.3,
2/15/18,,,,,1352.5,
2/16/18,,,,,1352.1,
2/19/18,,,,,1346.6,
2/20/18,,,,,1339.9,
2/21/18,,,,,1330.5,
2/22/18,,,,,1328.4,
2/23/18,,,,,1328,
2/26/18,,,,,1333.5,
2/27/18,,,,,1325.8,
2/28/18,,,,,1317.9,
2003/1/18,,,,,1307.8,
2003/2/18,,,,,1322.3,
2003/5/18,,,,,1320.4,
2003/6/18,,,,,1331.4,
2003/7/18,,,,,1329.4,
2003/8/18,,,,,1321,
2003/9/18,,,,,1320.6,
2003/12/18,,,,,1319.2,
3/13/18,,,,,1322.8,
3/14/18,,,,,1323.6,
3/15/18,,,,,1318.8,
3/16/18,,,,,1310.1,
3/19/18,,,,,1312.4,
3/20/18,,,,,1311,
3/21/18,,,,,1321.4,
3/22/18,,,,,1329.2,
3/23/18,,,,,1346.6,
3/26/18,,,,,1352.4,
3/27/18,,,,,1341.5,
3/28/18,,,,,1332.5,
3/29/18,,,,,1323.9,
3/30/18,,,,,1323.9,
2004/2/18,,,,,1323.9,
2004/3/18,,,,,1333.5,
2004/4/18,,,,,1337.3,
2004/5/18,,,,,1327.7,
2004/6/18,,,,,1331.2,
2004/9/18,,,,,1332,
2004/10/18,,,,,1339,
2004/11/18,,,,,1350.8,
2004/12/18,,,,,1341.4,
4/13/18,,,,,1343.7,
4/16/18,,,,,1349.4,
4/17/18,,,,,1342.1,
4/18/18,,,,,1351.5,
4/19/18,,,,,1348.6,
4/20/18,,,,,1336.8,
4/23/18,,,,,1324.3,
4/24/18,,,,,1328.9,
4/25/18,,,,,1321.7,
4/26/18,,,,,1320.7,
4/27/18,,,,,1321.5,
4/30/18,,,,,1313.2,
2005/1/18,,,,,1307.1,
2005/2/18,,,,,1304.2,
2005/3/18,,,,,1315.1,
2005/4/18,,,,,1309.4,
2005/7/18,,,,,1309.4,
2005/8/18,,,,,1306.6,
2005/9/18,,,,,1313.9,
2005/10/18,,,,,1318.8,
2005/11/18,,,,,1324.4,
5/14/18,,,,,1319.9,
5/15/18,,,,,1295,
5/16/18,,,,,1291.3,
5/17/18,,,,,1289.5,
5/18/18,,,,,1288.3,
5/21/18,,,,,1288.4,
5/22/18,,,,,1293.1,
5/23/18,,,,,1289,
5/24/18,,,,,1304.9,
5/25/18,,,,,1303.5,
5/28/18,,,,,1303.5,
5/29/18,,,,,1295.5,
5/30/18,,,,,1300.7,
5/31/18,,,,,1305.4,
2006/1/18,,,,,1294.6,
2006/4/18,,,,,1295.5,
2006/5/18,,,,,1292.1,
2006/6/18,,,,,1300.1,
2006/7/18,,,,,1297.3,
2006/8/18,,,,,1298.3,
2006/11/18,,,,,1299.6,
2006/12/18,,,,,1298.7,
6/13/18,,,,,1296.2,
6/14/18,,,,,1302.8,
6/15/18,,,,,1285.3,
6/18/18,,,,,1281.6,
6/19/18,,,,,1276.2,
6/20/18,,,,,1274.2,
6/21/18,,,,,1266.2,
6/22/18,,,,,1269.2,
6/25/18,,,,,1268.7,
6/26/18,,,,,1260.3,
6/27/18,,,,,1254.6,
6/28/18,,,,,1251.6,
6/29/18,,,,,1250.5,
2007/2/18,,,,,1247.8,
2007/3/18,,,,,1251.8,
2007/4/18,,,,,1255.7,
2007/5/18,,,,,1255.5,
2007/6/18,,,,,1255.4,
2007/9/18,,,,,1262.1,
2007/10/18,,,,,1254,
2007/11/18,,,,,1251.4,
2007/12/18,,,,,1245.9,
7/13/18,,,,,1241.7,
7/16/18,,,,,1241.1,
7/17/18,,,,,1232.8,
7/18/18,,,,,1224.5,
7/19/18,,,,,1217.6,
7/20/18,,,,,1228.8,
7/23/18,,,,,1225,
7/24/18,,,,,1228.4,
7/25/18,,,,,1231.5,
7/26/18,,,,,1228.3,
7/27/18,,,,,1224,
7/30/18,,,,,1223.8,
7/31/18,,,,,1221,
2008/1/18,,,,,1219,
2008/2/18,,,,,1215.5,
2008/3/18,,,,,1216.3,
2008/6/18,,,,,1209.7,
2008/7/18,,,,,1212.4,
2008/8/18,,,,,1209.6,
2008/9/18,,,,,1214.4,
2008/10/18,,,,,1214.4,
8/13/18,,,,,1200.4,
8/14/18,,,,,1197,
8/15/18,,,,,1182,
8/16/18,,,,,1180.4,
8/17/18,,,,,1178.4,
8/20/18,,,,,1184.4,
8/21/18,,,,,1191,
8/22/18,,,,,1196.7,
8/23/18,,,,,1192.4,
8/24/18,,,,,1197.7,
8/27/18,,,,,1197.7,
8/28/18,,,,,1212.3,
8/29/18,,,,,1204.2,
8/30/18,,,,,1197.3,
8/31/18,,,,,1202.5,
2009/3/18,,,,,1200.1,
2009/4/18,,,,,1190.9,
2009/5/18,,,,,1196.7,
2009/6/18,,,,,1205.2,
2009/7/18,,,,,1198.9,
2009/10/18,,,,,1196.6,
2009/11/18,,,,,1189.9,
2009/12/18,,,,,1195.6,
9/13/18,,,,,1209.8,
9/14/18,,,,,1202,
9/17/18,,,,,1201.9,
9/18/18,,,,,1200.2,
9/19/18,,,,,1203.3,
9/20/18,,,,,1208.4,
9/21/18,,,,,1198.7,
9/24/18,,,,,1202.8,
9/25/18,,,,,1201.9,
9/26/18,,,,,1194.3,
9/27/18,,,,,1185.4,
9/28/18,,,,,1187.3,
2010/1/18,,,,,1189.4,
2010/2/18,,,,,1204.7,
2010/3/18,,,,,1201.2,
2010/4/18,,,,,1203.5,
2010/5/18,,,,,1203.8,
2010/8/18,,,,,1187,
2010/9/18,,,,,1185.6,
2010/10/18,,,,,1188.6,
2010/11/18,,,,,1205.6,
2010/12/18,,,,,1219.8,
10/15/18,,,,,1230,
10/16/18,,,,,1230.7,
10/17/18,,,,,1229.1,
10/18/18,,,,,1223,
10/19/18,,,,,1227.9,
10/22/18,,,,,1222.3,
10/23/18,,,,,1236,
10/24/18,,,,,1230.6,
10/25/18,,,,,1230.8,
10/26/18,,,,,1233.9,
10/29/18,,,,,1230.8,
10/30/18,,,,,1225.4,
10/31/18,,,,,1215,
2011/1/18,,,,,1231.2,
2011/2/18,,,,,1232.1,
2011/5/18,,,,,1232.3,
2011/6/18,,,,,1231.6,
2011/7/18,,,,,1230,
2011/8/18,,,,,1224.2,
2011/9/18,,,,,1211.4,
2011/12/18,,,,,1205.6,
11/13/18,,,,,1202.1,
11/14/18,,,,,1203.3,
11/15/18,,,,,1211.9,
11/16/18,,,,,1222.4,
11/19/18,,,,,1221.6,
11/20/18,,,,,1223,
11/21/18,,,,,1226.1,
11/22/18,,,,,1227.1,
11/23/18,,,,,1223.7,
11/26/18,,,,,1223.4,
11/27/18,,,,,1221.2,
11/28/18,,,,,1213.3,
11/29/18,,,,,1226.3,
11/30/18,,,,,1217.6,
2012/3/18,,,,,1230.3,
2012/4/18,,,,,1240.3,
2012/5/18,,,,,1235.9,
2012/6/18,,,,,1242.6,
2012/7/18,,,,,1243.3,
2012/10/18,,,,,1245.4,
2012/11/18,,,,,1245.3,
2012/12/18,,,,,1245.8,
12/13/18,,,,,1242.8,
12/14/18,,,,,1235.4,
12/17/18,,,,,1241.7,
12/18/18,,,,,1246.3,
12/19/18,,,,,1255,
12/20/18,,,,,1259.8,
12/21/18,,,,,1258.2,
12/24/18,,,,,1258.2,
12/25/18,,,,,1258.2,
12/26/18,,,,,1258.2,
12/27/18,,,,,1268,
12/28/18,,,,,1279,
12/31/18,,,,,1279,
2001/1/19,,,,,1279,
2001/2/19,,,,,1282.9,
2001/3/19,,,,,1290.5,
2001/4/19,,,,,1279.9,
2001/7/19,,,,,1292.2,
2001/8/19,,,,,1286.5,
2001/9/19,,,,,1288.6,
2001/10/19,,,,,1291.9,
2001/11/19,,,,,1289,
1/14/19,,,,,1292.8,
1/15/19,,,,,1294.4,
1/16/19,,,,,1292.3,
1/17/19,,,,,1290.7,
1/18/19,,,,,1284.2,
1/21/19,,,,,1279.6,
1/22/19,,,,,1282.1,
1/23/19,,,,,1279.8,
1/24/19,,,,,1283.7,
1/25/19,,,,,1293.9,
1/28/19,,,,,1302.2,
1/29/19,,,,,1307.6,
1/30/19,,,,,1310.7,
1/31/19,,,,,1323.3,
2002/1/19,,,,,1318.7,
2002/4/19,,,,,1312.2,
2002/5/19,,,,,1314.2,
2002/6/19,,,,,1312.4,
2002/7/19,,,,,1310,
2002/8/19,,,,,1314.9,
2002/11/19,,,,,1306.4,
2002/12/19,,,,,1310,
2/13/19,,,,,1312.8,
2/14/19,,,,,1311.5,
2/15/19,,,,,1316.6,
2/18/19,,,,,1325.5,
2/19/19,,,,,1334.2,
2/20/19,,,,,1343.8,
2/21/19,,,,,1331.3,
2/22/19,,,,,1329.1,
2/25/19,,,,,1331.1,
2/26/19,,,,,1325.1,
2/27/19,,,,,1322.9,
2/28/19,,,,,1319.2,
2003/1/19,,,,,1312,
2003/4/19,,,,,1285.4,
2003/5/19,,,,,1283.8,
2003/6/19,,,,,1285.9,
2003/7/19,,,,,1285.3,
2003/8/19,,,,,1296.8,
2003/11/19,,,,,1292.8,
2003/12/19,,,,,1297.1,
3/13/19,,,,,1307,
3/14/19,,,,,1295.6,
3/15/19,,,,,1303.5,
3/18/19,,,,,1305.6,
3/19/19,,,,,1307.7,
3/20/19,,,,,1303.7,
3/21/19,,,,,1309.6,
3/22/19,,,,,1311.3,
3/25/19,,,,,1319.6,
3/26/19,,,,,1316.3,
3/27/19,,,,,1309.7,
3/28/19,,,,,1295.2,
3/29/19,,,,,1295.4,
2004/1/19,,,,,1293.5,
2004/2/19,,,,,1290.3,
2004/3/19,,,,,1290.5,
2004/4/19,,,,,1283.2,
2004/5/19,,,,,1288.5,
2004/8/19,,,,,1300,
2004/9/19,,,,,1303,
2004/10/19,,,,,1305.5,
2004/11/19,,,,,1298.8,
2004/12/19,,,,,1294.3,
4/15/19,,,,,1285.7,
4/16/19,,,,,1276.4,
4/17/19,,,,,1275.9,
4/18/19,,,,,1275.7,
4/19/19,,,,,1275.7,
4/22/19,,,,,1275.7,
4/23/19,,,,,1269.5,
4/24/19,,,,,1271.7,
4/25/19,,,,,1280.8,
4/26/19,,,,,1284.2,
4/29/19,,,,,1279.5,
4/30/19,,,,,1282.3,
2005/1/19,,,,,1283.8,
2005/2/19,,,,,1271,
2005/3/19,,,,,1278.6,
2005/6/19,,,,,1278.6,
2005/7/19,,,,,1281.2,
2005/8/19,,,,,1285.2,
2005/9/19,,,,,1286.1,
2005/10/19,,,,,1287.1,
5/13/19,,,,,1295.6,
5/14/19,,,,,1298.4,
5/15/19,,,,,1299.1,
5/16/19,,,,,1291.7,
5/17/19,,,,,1280.8,
5/20/19,,,,,1276.9,
5/21/19,,,,,1271.2,
5/22/19,,,,,1273.8,
5/23/19,,,,,1283.7,
5/24/19,,,,,1282.5,
5/27/19,,,,,1282.5,
5/28/19,,,,,1278.3,
5/29/19,,,,,1281.7,
5/30/19,,,,,1281,
5/31/19,,,,,1295.6,
2006/3/19,,,,,1317.1,
2006/4/19,,,,,1324.3,
2006/5/19,,,,,1335.1,
2006/6/19,,,,,1335.5,
2006/7/19,,,,,1340.7,
2006/10/19,,,,,1328.6,
2006/11/19,,,,,1324.3,
2006/12/19,,,,,1332.4,
6/13/19,,,,,1335.9,
6/14/19,,,,,1351.3,
6/17/19,,,,,1341.3,
6/18/19,,,,,1341.4,
6/19/19,,,,,1344.1,
6/20/19,,,,,1379.5,
6/21/19,,,,,1397.2,
6/24/19,,,,,1405.7,
6/25/19,,,,,1431.4,
6/26/19,,,,,1404,
6/27/19,,,,,1402.5,
6/28/19,,,,,1409,
2007/1/19,,,,,1390.1,
2007/2/19,,,,,1391.1,
2007/3/19,,,,,1413.5,
2007/4/19,,,,,1414.9,
2007/5/19,,,,,1388.7,
2007/8/19,,,,,1400.1,
2007/9/19,,,,,1391.6,
2007/10/19,,,,,1408.3,
2007/11/19,,,,,1413.8,
2007/12/19,,,,,1407.6,
7/15/19,,,,,1412.4,
7/16/19,,,,,1409.9,
7/17/19,,,,,1410.4,
7/18/19,,,,,1417.5,
7/19/19,,,,,1439.7,
7/22/19,,,,,1427.8,
7/23/19,,,,,1425.6,
7/24/19,,,,,1427,
7/25/19,,,,,1416.1,
7/26/19,,,,,1420.4,
7/29/19,,,,,1419.1,
7/30/19,,,,,1425.9,
7/31/19,,,,,1427.6,
2008/1/19,,,,,1406.8,
2008/2/19,,,,,1441.8,
2008/5/19,,,,,1465.3,
2008/6/19,,,,,1465.3,
2008/7/19,,,,,1506.1,
2008/8/19,,,,,1495.8,
2008/9/19,,,,,1497.7,
2008/12/19,,,,,1504.7,
8/13/19,,,,,1498.4,
8/14/19,,,,,1513.3,
8/15/19,,,,,1515.7,
8/16/19,,,,,1515.3,
8/19/19,,,,,1496.6,
8/20/19,,,,,1504.6,
8/21/19,,,,,1503.3,
8/22/19,,,,,1502.1,
8/23/19,,,,,1503.8,
8/26/19,,,,,1503.8,
8/27/19,,,,,1533,
8/28/19,,,,,1537.2,
8/29/19,,,,,1540.2,
8/30/19,,,,,1528.4,
2009/2/19,,,,,1526,
2009/3/19,,,,,1537.9,
2009/4/19,,,,,1546.1,
2009/5/19,,,,,1529.1,
2009/6/19,,,,,1523.7,
2009/9/19,,,,,1509.2,
2009/10/19,,,,,1498.3,
2009/11/19,,,,,1490.7,
2009/12/19,,,,,1515.2,
9/13/19,,,,,1503.1,
9/16/19,,,,,1497.2,
9/17/19,,,,,1502.1,
9/18/19,,,,,1503.5,
9/19/19,,,,,1500.7,
9/20/19,,,,,1501.9,
9/23/19,,,,,1522.1,
9/24/19,,,,,1520.7,
9/25/19,,,,,1528.8,
9/26/19,,,,,1506.4,
9/27/19,,,,,1489.9,
9/30/19,,,,,1485.3,
2010/1/19,,,,,1473.5,
2010/2/19,,,,,1492.6,
2010/3/19,,,,,1517.1,
2010/4/19,,,,,1499.2,
2010/7/19,,,,,1501.3,
2010/8/19,,,,,1505.9,
2010/9/19,,,,,1507.3,
2010/10/19,,,,,1494.8,
2010/11/19,,,,,1479.2,
10/14/19,,,,,1490.6,
10/15/19,,,,,1487.8,
10/16/19,,,,,1485.1,
10/17/19,,,,,1492.7,
10/18/19,,,,,1490,
10/21/19,,,,,1491.7,
10/22/19,,,,,1485.4,
10/23/19,,,,,1494.5,
10/24/19,,,,,1496.6,
10/25/19,,,,,1513.5,
10/28/19,,,,,1492.4,
10/29/19,,,,,1486.8,
10/30/19,,,,,1492.1,
10/31/19,,,,,1511,
2011/1/19,,,,,1508.8,
2011/4/19,,,,,1509.5,
2011/5/19,,,,,1489,
2011/6/19,,,,,1486.1,
2011/7/19,,,,,1484.3,
2011/8/19,,,,,1464.2,
2011/11/19,,,,,1458.7,
2011/12/19,,,,,1452.1,
11/13/19,,,,,1462.9,
11/14/19,,,,,1466.7,
11/15/19,,,,,1466.9,
11/18/19,,,,,1467.7,
11/19/19,,,,,1468.5,
11/20/19,,,,,1471.7,
11/21/19,,,,,1467.1,
11/22/19,,,,,1464.5,
11/25/19,,,,,1458.4,
11/26/19,,,,,1454.7,
11/27/19,,,,,1454.4,
11/28/19,,,,,1454.7,
11/29/19,,,,,1460.2,
2012/2/19,,,,,1461.2,
2012/3/19,,,,,1477.3,
2012/4/19,,,,,1475.1,
2012/5/19,,,,,1476,
2012/6/19,,,,,1459.7,
2012/9/19,,,,,1461.7,
2012/10/19,,,,,1465,
2012/11/19,,,,,1466.8,
2012/12/19,,,,,1467.8,
12/13/19,,,,,1466.6,
12/16/19,,,,,1477.9,
12/17/19,,,,,1475.8,
12/18/19,,,,,1474.1,
12/19/19,,,,,1476.7,
12/20/19,,,,,1479,
12/23/19,,,,,1482.1,
12/24/19,,,,,1482.1,
12/25/19,,,,,1482.1,
12/26/19,,,,,1482.1,
12/27/19,,,,,1511.5,
12/30/19,,,,,1514.8,
12/31/19,,,,,1514.8,
2001/1/20,,,,,1514.8,
2001/2/20,,,,,1527.1,
2001/3/20,,,,,1548.8,
2001/6/20,,,,,1573.1,
2001/7/20,,,,,1567.9,
2001/8/20,,,,,1572,
2001/9/20,,,,,1550.8,
2001/10/20,,,,,1553.6,
1/13/20,,,,,1549.9,
1/14/20,,,,,1545.1,
1/15/20,,,,,1549,
1/16/20,,,,,1554.6,
1/17/20,,,,,1557.6,
1/20/20,,,,,1560.2,
1/21/20,,,,,1551.3,
1/22/20,,,,,1556.9,
1/23/20,,,,,1562.9,
1/24/20,,,,,1564.3,
1/27/20,,,,,1580.1,
1/28/20,,,,,1574,
1/29/20,,,,,1573.5,
1/30/20,,,,,1578.3,
1/31/20,,,,,1584.2,
2002/3/20,,,,,1574.8,
2002/4/20,,,,,1558.4,
2002/5/20,,,,,1553.3,
2002/6/20,,,,,1563.3,
2002/7/20,,,,,1572.7,
2002/10/20,,,,,1573.2,
2002/11/20,,,,,1570.5,
2002/12/20,,,,,1563.7,
2/13/20,,,,,1575.1,
2/14/20,,,,,1581.4,
2/17/20,,,,,1580.8,
2/18/20,,,,,1589.9,
2/19/20,,,,,1604.2,
2/20/20,,,,,1619,
2/21/20,,,,,1643.3,
2/24/20,,,,,1671.7,
2/25/20,,,,,1650.3,
2/26/20,,,,,1634.9,
2/27/20,,,,,1652,
2/28/20,,,,,1609.9,
2003/2/20,,,,,1599.7,
2003/3/20,,,,,1615.5,
2003/4/20,,,,,1641.9,
2003/5/20,,,,,1659.6,
2003/6/20,,,,,1683.7,
2003/9/20,,,,,1672.5,
2003/10/20,,,,,1655.7,
2003/11/20,,,,,1653.8,
2003/12/20,,,,,1570.7,
3/13/20,,,,,1562.8,
3/16/20,,,,,1487.7,
3/17/20,,,,,1536.2,
3/18/20,,,,,1498.2,
3/19/20,,,,,1474.3,
3/20/20,,,,,1494.4,
3/23/20,,,,,1525.4,
3/24/20,,,,,1605.8,
3/25/20,,,,,1605.5,
3/26/20,,,,,1634.8,
3/27/20,,,,,1617.3,
3/30/20,,,,,1618.3,
3/31/20,,,,,1609,
2004/1/20,,,,,1576.6,
2004/2/20,,,,,1616.8,
2004/3/20,,,,,1613.1,
2004/6/20,,,,,1648.3,
2004/7/20,,,,,1649.3,
2004/8/20,,,,,1647.8,
2004/9/20,,,,,1680.7,
2004/10/20,,,,,1680.7,
4/13/20,,,,,1680.7,
4/14/20,,,,,1741.9,
4/15/20,,,,,1718.7,
4/16/20,,,,,1729.5,
4/17/20,,,,,1692.6,
4/20/20,,,,,1686.2,
4/21/20,,,,,1682.1,
4/22/20,,,,,1710.6,
4/23/20,,,,,1736.3,
4/24/20,,,,,1715.9,
4/27/20,,,,,1715,
4/28/20,,,,,1691.6,
4/29/20,,,,,1703.4,
4/30/20,,,,,1702.8,
2005/1/20,,,,,1686.3,
2005/4/20,,,,,1709.1,
2005/5/20,,,,,1699.6,
2005/6/20,,,,,1691.5,
2005/7/20,,,,,1704.1,
2005/8/20,,,,,1704.1,
2005/11/20,,,,,1702.8,
2005/12/20,,,,,1702.4,
5/13/20,,,,,1708.4,
5/14/20,,,,,1731.6,
5/15/20,,,,,1735.4,
5/18/20,,,,,1734.7,
5/19/20,,,,,1738,
5/20/20,,,,,1748.3,
5/21/20,,,,,1724.9,
5/22/20,,,,,1733.6,
5/25/20,,,,,1733.6,
5/26/20,,,,,1720.3,
5/27/20,,,,,1694.6,
5/28/20,,,,,1717.4,
5/29/20,,,,,1728.7,
2006/1/20,,,,,1730.6,
2006/2/20,,,,,1742.2,
2006/3/20,,,,,1705.4,
2006/4/20,,,,,1700.1,
2006/5/20,,,,,1683.5,
2006/8/20,,,,,1690.4,
2006/9/20,,,,,1713.5,
2006/10/20,,,,,1722.1,
2006/11/20,,,,,1738.3,
2006/12/20,,,,,1733.5,
6/15/20,,,,,1710.5,
6/16/20,,,,,1719.9,
6/17/20,,,,,1724.4,
6/18/20,,,,,1719.5,
6/19/20,,,,,1734.8,
6/22/20,,,,,1761.9,
6/23/20,,,,,1768.9,
6/24/20,,,,,1766.1,
6/25/20,,,,,1756.6,
6/26/20,,,,,1747.6,
6/29/20,,,,,1771.6,
6/30/20,,,,,1768.1,
2007/1/20,,,,,1771.1,
2007/2/20,,,,,1777.5,
2007/3/20,,,,,1772.9,
2007/6/20,,,,,1787.9,
2007/7/20,,,,,1789.6,
2007/8/20,,,,,1811.1,
2007/9/20,,,,,1812.1,
2007/10/20,,,,,1803.1,
7/13/20,,,,,1807.5,
7/14/20,,,,,1801.9,
7/15/20,,,,,1804.6,
7/16/20,,,,,1807.7,
7/17/20,,,,,1807.4,
7/20/20,,,,,1815.7,
7/21/20,,,,,1842.6,
7/22/20,,,,,1852.4,
7/23/20,,,,,1878.3,
7/24/20,,,,,1902.1,
7/27/20,,,,,1936.7,
7/28/20,,,,,1940.9,
7/29/20,,,,,1950.9,
7/30/20,,,,,1957.7,
7/31/20,,,,,1964.9,
2008/3/20,,,,,1958.6,
2008/4/20,,,,,1977.9,
2008/5/20,,,,,2048.2,
2008/6/20,,,,,2067.2,
2008/7/20,,,,,2031.2,
2008/10/20,,,,,2044.5,
2008/11/20,,,,,1939.7,
2008/12/20,,,,,1931.9,
8/13/20,,,,,1944.3,
8/14/20,,,,,1944.8,
8/17/20,,,,,1972.9,
8/18/20,,,,,2008.8,
8/19/20,,,,,1981,
8/20/20,,,,,1927.2,
8/21/20,,,,,1924.4,
8/24/20,,,,,1944,
8/25/20,,,,,1911.2,
8/26/20,,,,,1933,
8/27/20,,,,,1923.9,
8/28/20,,,,,1957.4,
8/31/20,,,,,1957.4,
2009/1/20,,,,,1972.4,
2009/2/20,,,,,1947.1,
2009/3/20,,,,,1940.5,
2009/4/20,,,,,1926.3,
2009/7/20,,,,,1928.5,
2009/8/20,,,,,1911,
2009/9/20,,,,,1947.2,
2009/10/20,,,,,1966.3,
2009/11/20,,,,,1947.4,
9/14/20,,,,,1958.7,
9/15/20,,,,,1949.4,
9/16/20,,,,,1961.8,
9/17/20,,,,,1936.3,
9/18/20,,,,,1950.9,
9/21/20,,,,,1909.4,
9/22/20,,,,,1906,
9/23/20,,,,,1873.4,
9/24/20,,,,,1861.8,
9/25/20,,,,,1859.7,
9/28/20,,,,,1864.3,
9/29/20,,,,,1884,
9/30/20,,,,,1886.9,
2010/1/20,,,,,1902,
2010/2/20,,,,,1903.1,
2010/5/20,,,,,1909.6,
2010/6/20,,,,,1913.4,
2010/7/20,,,,,1884.5,
2010/8/20,,,,,1887.5,
2010/9/20,,,,,1923.3,
2010/12/20,,,,,1925.5,
10/13/20,,,,,1891.3,
10/14/20,,,,,1910.1,
10/15/20,,,,,1891.9,
10/16/20,,,,,1905.1,
10/19/20,,,,,1905.6,
10/20/20,,,,,1898.4,
10/21/20,,,,,1924.2,
10/22/20,,,,,1901,
10/23/20,,,,,1903.7,
10/26/20,,,,,1898.5,
10/27/20,,,,,1905.7,
10/28/20,,,,,1870,
10/29/20,,,,,1870.3,
10/30/20,,,,,1881.9,
2011/2/20,,,,,1889.9,
2011/3/20,,,,,1908.3,
2011/4/20,,,,,1900.2,
2011/5/20,,,,,1938.5,
2011/6/20,,,,,1940.8,
2011/9/20,,,,,1867.3,
2011/10/20,,,,,1878.7,
2011/11/20,,,,,1861,
2011/12/20,,,,,1874.9,
11/13/20,,,,,1890.9,
11/16/20,,,,,1885.6,
11/17/20,,,,,1889.1,
11/18/20,,,,,1876.1,
11/19/20,,,,,1857.4,
11/20/20,,,,,1875.7,
11/23/20,,,,,1840.2,
11/24/20,,,,,1799.6,
11/25/20,,,,,1810.2,
11/26/20,,,,,1807.4,
11/27/20,,,,,1779.3,
11/30/20,,,,,1762.6,
2012/1/20,,,,,1810.8,
2012/2/20,,,,,1822.6,
2012/3/20,,,,,1832.4,
2012/4/20,,,,,1843,
2012/7/20,,,,,1860,
2012/8/20,,,,,1868.2,
2012/9/20,,,,,1841.8,
2012/10/20,,,,,1844.4,
2012/11/20,,,,,1842,
12/14/20,,,,,1831.2,
12/15/20,,,,,1850.7,
12/16/20,,,,,1852,
12/17/20,,,,,1890.8,
12/18/20,,,,,1879.8,
12/21/20,,,,,1880,
12/22/20,,,,,1877.1,
12/23/20,,,,,1875,
12/24/20,,,,,1875,
12/25/20,,,,,1875,
12/28/20,,,,,1875,
12/29/20,,,,,1874.3,
12/30/20,,,,,1887.6,
12/31/20,,,,,1887.6,
2001/1/21,,,,,1887.6,
2001/4/21,,,,,1943.2,
2001/5/21,,,,,1940.4,
2001/6/21,,,,,1932,
2001/7/21,,,,,1920.1,
2001/8/21,,,,,1862.9,
2001/11/21,,,,,1847.3,
2001/12/21,,,,,1841.3,
1/13/21,,,,,1858.9,
1/14/21,,,,,1841.8,
1/15/21,,,,,1839,
1/18/21,,,,,1833.1,
1/19/21,,,,,1834.7,
1/20/21,,,,,1856.6,
1/21/21,,,,,1862.1,
1/22/21,,,,,1852.7,
1/25/21,,,,,1856.9,
1/26/21,,,,,1856.6,
1/27/21,,,,,1843,
1/28/21,,,,,1853.7,
1/29/21,,,,,1863.8,
2002/1/21,,,,,1863,
2002/2/21,,,,,1833.1,
2002/3/21,,,,,1835.5,
2002/4/21,,,,,1785.9,
2002/5/21,,,,,1803,
2002/8/21,,,,,1835.3,
2002/9/21,,,,,1839.6,
2002/10/21,,,,,1842.7,
2002/11/21,,,,,1840.1,
2002/12/21,,,,,1816.4,
2/15/21,,,,,1817.3,
2/16/21,,,,,1794.3,
2/17/21,,,,,1780.7,
2/18/21,,,,,1773.2,
2/19/21,,,,,1786.2,
2/22/21,,,,,1807.5,
2/23/21,,,,,1799.7,
2/24/21,,,,,1788,
2/25/21,,,,,1779.7,
2/26/21,,,,,1742.9,
2003/1/21,,,,,1734.2,
2003/2/21,,,,,1723.9,
2003/3/21,,,,,1711.4,
2003/4/21,,,,,1712.1,
2003/5/21,,,,,1696.3,
2003/8/21,,,,,1687.1,
2003/9/21,,,,,1716.9,
2003/10/21,,,,,1716.2,
2003/11/21,,,,,1724.3,
2003/12/21,,,,,1704.8,
3/15/21,,,,,1723.7,
3/16/21,,,,,1735,
3/17/21,,,,,1729.7,
3/18/21,,,,,1725.9,
3/19/21,,,,,1735.2,
3/22/21,,,,,1736.2,
3/23/21,,,,,1726.2,
3/24/21,,,,,1730.5,
3/25/21,,,,,1737.3,
3/26/21,,,,,1731.8,
3/29/21,,,,,1706,
3/30/21,,,,,1684,
3/31/21,,,,,1691.1,
2004/1/21,,,,,1726.1,
2004/2/21,,,,,1726.1,
2004/5/21,,,,,1726.1,
2004/6/21,,,,,1744.7,
2004/7/21,,,,,1738.1,
2004/8/21,,,,,1755.5,
2004/9/21,,,,,1741.2,
2004/12/21,,,,,1732.9,
4/13/21,,,,,1748,
4/14/21,,,,,1735.6,
4/15/21,,,,,1757.2,
4/16/21,,,,,1774.5,
4/19/21,,,,,1774.5,
4/20/21,,,,,1777.9,
4/21/21,,,,,1798.2,
4/22/21,,,,,1787.8,
4/23/21,,,,,1781.8,
4/26/21,,,,,1773.4,
4/27/21,,,,,1784.2,
4/28/21,,,,,1772.2,
4/29/21,,,,,1762.7,
4/30/21,,,,,1767.7,
2005/3/21,,,,,1767.7,
2005/4/21,,,,,1797.8,
2005/5/21,,,,,1782.3,
2005/6/21,,,,,1813.2,
2005/7/21,,,,,1836.6,
2005/10/21,,,,,1840.5,
2005/11/21,,,,,1829.1,
2005/12/21,,,,,1830.7,
5/13/21,,,,,1821.8,
5/14/21,,,,,1838.1,
5/17/21,,,,,1853.7,
5/18/21,,,,,1866.8,
5/19/21,,,,,1888.5,
5/20/21,,,,,1878.3,
5/21/21,,,,,1875.9,
5/24/21,,,,,1880.2,
5/25/21,,,,,1887,
5/26/21,,,,,1899.8,
5/27/21,,,,,1891.5,
5/28/21,,,,,1900,
5/31/21,,,,,1900,
2006/1/21,,,,,1899.4,
2006/2/21,,,,,1902.8,
2006/3/21,,,,,1866.6,
2006/4/21,,,,,1890.6,
2006/7/21,,,,,1888.4,
2006/8/21,,,,,1893.2,
2006/9/21,,,,,1894.6,
2006/10/21,,,,,1888.7,
2006/11/21,,,,,1881.1,
6/14/21,,,,,1865.6,
6/15/21,,,,,1865.1,
6/16/21,,,,,1860.8,
6/17/21,,,,,1778.7,
6/18/21,,,,,1773.1,
6/21/21,,,,,1775.1,
6/22/21,,,,,1775.1,
6/23/21,,,,,1791.6,
6/24/21,,,,,1784.9,
6/25/21,,,,,1786.7,
6/28/21,,,,,1780.3,
6/29/21,,,,,1755.5,
6/30/21,,,,,1763.2,
2007/1/21,,,,,1781.5,
2007/2/21,,,,,1786.2,
2007/5/21,,,,,1791.4,
2007/6/21,,,,,1809.9,
2007/7/21,,,,,1804.7,
2007/8/21,,,,,1807.7,
2007/9/21,,,,,1806,
2007/12/21,,,,,1792.4,
7/13/21,,,,,1813.9,
7/14/21,,,,,1823.2,
7/15/21,,,,,1823.8,
7/16/21,,,,,1824.3,
7/19/21,,,,,1814.9,
7/20/21,,,,,1823.1,
7/21/21,,,,,1802.2,
7/22/21,,,,,1799.5,
7/23/21,,,,,1799.6,
7/26/21,,,,,1800.2,
7/27/21,,,,,1800.4,
7/28/21,,,,,1796.6,
7/29/21,,,,,1829.3,
7/30/21,,,,,1825.8,
2008/2/21,,,,,1811.5,
2008/3/21,,,,,1812.7,
2008/4/21,,,,,1829.1,
2008/5/21,,,,,1800.8,
2008/6/21,,,,,1762.9,
2008/9/21,,,,,1738.9,
2008/10/21,,,,,1723.4,
2008/11/21,,,,,1743.6,
2008/12/21,,,,,1747.4,
8/13/21,,,,,1773.9,
8/16/21,,,,,1786.4,
8/17/21,,,,,1789.5,
8/18/21,,,,,1783.5,
8/19/21,,,,,1782.1,
8/20/21,,,,,1779.1,
8/23/21,,,,,1802,
8/24/21,,,,,1808.5,
8/25/21,,,,,1788.7,
8/26/21,,,,,1786.6,
8/27/21,,,,,1798.5,
8/30/21,,,,,1798.5,
8/31/21,,,,,1814.9,
2009/1/21,,,,,1811.8,
2009/2/21,,,,,1812.6,
2009/3/21,,,,,1823.7,
2009/6/21,,,,,1821.6,
2009/7/21,,,,,1802.2,
2009/8/21,,,,,1786,
2009/9/21,,,,,1788.3,
2009/10/21,,,,,1794.6,
9/13/21,,,,,1793.9,
9/14/21,,,,,1792.8,
9/15/21,,,,,1797,
9/16/21,,,,,1748,
9/17/21,,,,,1756,
9/20/21,,,,,1757.8,
9/21/21,,,,,1774.5,
9/22/21,,,,,1773.4,
9/23/21,,,,,1750,
9/24/21,,,,,1746.8,
9/27/21,,,,,1755.3,
9/28/21,,,,,1733.8,
9/29/21,,,,,1737.2,
9/30/21,,,,,1742.8,
2010/1/21,,,,,1757.1,
2010/4/21,,,,,1754.6,
2010/5/21,,,,,1753.2,
2010/6/21,,,,,1759.7,
2010/7/21,,,,,1762.1,
2010/8/21,,,,,1773.3,
2010/11/21,,,,,1757.7,
2010/12/21,,,,,1767.8,
10/13/21,,,,,1785.7,
10/14/21,,,,,1798.7,
10/15/21,,,,,1772.7,
10/18/21,,,,,1767.9,
10/19/21,,,,,1779.6,
10/20/21,,,,,1778,
10/21/21,,,,,1779.3,
10/22/21,,,,,1808.3,
10/25/21,,,,,1805.3,
10/26/21,,,,,1785.6,
10/27/21,,,,,1795.3,
10/28/21,,,,,1803.5,
10/29/21,,,,,1769.2,
2011/1/21,,,,,1793.8,
2011/2/21,,,,,1790.5,
2011/3/21,,,,,1763.5,
2011/4/21,,,,,1796.2,
2011/5/21,,,,,1801.9,
2011/8/21,,,,,1822.4,
2011/9/21,,,,,1827.3,
2011/10/21,,,,,1859.4,
2011/11/21,,,,,1857.9,
2011/12/21,,,,,1860.6,
11/15/21,,,,,1859.9,
11/16/21,,,,,1859.2,
11/17/21,,,,,1864.9,
11/18/21,,,,,1860.3,
11/19/21,,,,,1861.1,
11/22/21,,,,,1816.1,
11/23/21,,,,,1789.2,
11/24/21,,,,,1782.1,
11/25/21,,,,,1788.2,
11/26/21,,,,,1800.8,
11/29/21,,,,,1786,
11/30/21,,,,,1804.4,
2012/1/21,,,,,1789.3,
2012/2/21,,,,,1765,
2012/3/21,,,,,1767.6,
2012/6/21,,,,,1778.7,
2012/7/21,,,,,1781.4,
2012/8/21,,,,,1783.8,
2012/9/21,,,,,1776.2,
2012/10/21,,,,,1779.8,
12/13/21,,,,,1787.8,
12/14/21,,,,,1776.9,
12/15/21,,,,,1768.7,
12/16/21,,,,,1795.7,
12/17/21,,,,,1807.7,
12/20/21,,,,,1796.3,
12/21/21,,,,,1793.8,
12/22/21,,,,,1792.8,
12/23/21,,,,,1805.2,
12/24/21,,,,,1805.2,
12/27/21,,,,,1805.2,
12/28/21,,,,,1805.2,
12/29/21,,,,,1794.3,
12/30/21,,,,,1805.9,
12/31/21,,,,,1805.9,
2001/3/22,,,,,1805.9,
2001/4/22,,,,,1811.4,
2001/5/22,,,,,1826.3,
2001/6/22,,,,,1789.4,
2001/7/22,,,,,1792.6,
2001/10/22,,,,,1794.2,
2001/11/22,,,,,1806.8,
2001/12/22,,,,,1821.4,
1/13/22,,,,,1820.4,
1/14/22,,,,,1823,
1/17/22,,,,,1817.9,
1/18/22,,,,,1817.3,
1/19/22,,,,,1827,
1/20/22,,,,,1845.4,
1/21/22,,,,,1837.6,
1/24/22,,,,,1831.6,
1/25/22,,,,,1847.3,
1/26/22,,,,,1836,
1/27/22,,,,,1806.8,
1/28/22,,,,,1788.2,
1/31/22,,,,,1795.3,
2002/1/22,,,,,1799.9,
2002/2/22,,,,,1803.7,
2002/3/22,,,,,1792.7,
2002/4/22,,,,,1804.7,
2002/7/22,,,,,1813.6,
2002/8/22,,,,,1822.6,
2002/9/22,,,,,1827.8,
2002/10/22,,,,,1835.4,
2002/11/22,,,,,1831.2,
2/14/22,,,,,1866.2,
2/15/22,,,,,1848.6,
2/16/22,,,,,1862.6,
2/17/22,,,,,1893.5,
2/18/22,,,,,1893.6,
2/21/22,,,,,1894.5,
2/22/22,,,,,1900.1,
2/23/22,,,,,1904.7,
2/24/22,,,,,1936.3,
2/25/22,,,,,1884.8,
2/28/22,,,,,1909.9,
2003/1/22,,,,,1922,
2003/2/22,,,,,1928.5,
2003/3/22,,,,,1929.6,
2003/4/22,,,,,1945.3,
2003/7/22,,,,,1981,
2003/8/22,,,,,2039.1,
2003/9/22,,,,,1988.9,
2003/10/22,,,,,1996.6,
2003/11/22,,,,,1978.7,
3/14/22,,,,,1954.1,
3/15/22,,,,,1913.7,
3/16/22,,,,,1913.2,
3/17/22,,,,,1949.7,
3/18/22,,,,,1935.8,
3/21/22,,,,,1935.1,
3/22/22,,,,,1915.3,
3/23/22,,,,,1931.8,
3/24/22,,,,,1965.2,
3/25/22,,,,,1953.8,
3/28/22,,,,,1937.1,
3/29/22,,,,,1910,
3/30/22,,,,,1933.9,
3/31/22,,,,,1942.2,
2004/1/22,,,,,1929.4,
2004/4/22,,,,,1930.3,
2004/5/22,,,,,1944.1,
2004/6/22,,,,,1930.2,
2004/7/22,,,,,1932.4,
2004/8/22,,,,,1941.4,
2004/11/22,,,,,1951.6,
2004/12/22,,,,,1960.9,
4/13/22,,,,,1976.8,
4/14/22,,,,,1963.3,
4/15/22,,,,,1963.3,
4/18/22,,,,,1963.3,
4/19/22,,,,,1964,
4/20/22,,,,,1949.6,
4/21/22,,,,,1943.7,
4/22/22,,,,,1941.6,
4/25/22,,,,,1895,
4/26/22,,,,,1904.6,
4/27/22,,,,,1885.8,
4/28/22,,,,,1888.5,
4/29/22,,,,,1911.3,
2005/2/22,,,,,1911.3,
2005/3/22,,,,,1869.7,
2005/4/22,,,,,1863.7,
2005/5/22,,,,,1892.3,
2005/6/22,,,,,1882.4,
2005/9/22,,,,,1860.9,
2005/10/22,,,,,1857.4,
2005/11/22,,,,,1852,
2005/12/22,,,,,1837.1,
5/13/22,,,,,1811.6,
5/16/22,,,,,1809.5,
5/17/22,,,,,1825,
5/18/22,,,,,1810.7,
5/19/22,,,,,1844,
5/20/22,,,,,1834.2,
5/23/22,,,,,1856.2,
5/24/22,,,,,1867.1,
5/25/22,,,,,1847.2,
5/26/22,,,,,1848.3,
5/27/22,,,,,1851.8,
5/30/22,,,,,1855,
5/31/22,,,,,1838.7,
2006/1/22,,,,,1844.9,
2006/2/22,,,,,1844.9,
2006/3/22,,,,,1844.9,
2006/6/22,,,,,1847.2,
2006/7/22,,,,,1849.6,
2006/8/22,,,,,1853,
2006/9/22,,,,,1844.9,
2006/10/22,,,,,1830,
6/13/22,,,,,1830.9,
6/14/22,,,,,1818.3,
6/15/22,,,,,1823.8,
6/16/22,,,,,1826.5,
6/17/22,,,,,1841.6,
6/20/22,,,,,1836.5,
6/21/22,,,,,1840.3,
6/22/22,,,,,1841.9,
6/23/22,,,,,1841.9,
6/24/22,,,,,1825.5,
6/27/22,,,,,1826.3,
6/28/22,,,,,1819.1,
6/29/22,,,,,1817.8,
6/30/22,,,,,1817,
2007/1/22,,,,,1797.5,
2007/4/22,,,,,1808.4,
2007/5/22,,,,,1772,
2007/6/22,,,,,1754.3,
2007/7/22,,,,,1748,
2007/8/22,,,,,1738.2,
2007/11/22,,,,,1740,
2007/12/22,,,,,1730.7,
7/13/22,,,,,1724.6,
7/14/22,,,,,1700.7,
7/15/22,,,,,1706.2,
7/18/22,,,,,1719.1,
7/19/22,,,,,1713.1,
7/20/22,,,,,1709.3,
7/21/22,,,,,1705.1,
7/22/22,,,,,1737,
7/25/22,,,,,1718.9,
7/26/22,,,,,1720.1,
7/27/22,,,,,1714.1,
7/28/22,,,,,1753.5,
7/29/22,,,,,1753.4,
2008/1/22,,,,,1772.4,
2008/2/22,,,,,1779.8,
2008/3/22,,,,,1761.3,
2008/4/22,,,,,1783.2,
2008/5/22,,,,,1773.3,
2008/8/22,,,,,1784.1,
2008/9/22,,,,,1795.3,
2008/10/22,,,,,1795.1,
2008/11/22,,,,,1796.7,
2008/12/22,,,,,1792.1,
8/15/22,,,,,1776.6,
8/16/22,,,,,1774.9,
8/17/22,,,,,1767.2,
8/18/22,,,,,1765.6,
8/19/22,,,,,1750.8,
8/22/22,,,,,1733.3,
8/23/22,,,,,1746.6,
8/24/22,,,,,1745.7,
8/25/22,,,,,1753.6,
8/26/22,,,,,1751.3,
8/29/22,,,,,1751.3,
8/30/22,,,,,1730.3,
8/31/22,,,,,1715.9,
2009/1/22,,,,,1694.3,
2009/2/22,,,,,1712.5,
2009/5/22,,,,,1711,
2009/6/22,,,,,1702.6,
2009/7/22,,,,,1702.7,
2009/8/22,,,,,1709.4,
2009/9/22,,,,,1713.4,
2009/12/22,,,,,1726.4,
9/13/22,,,,,1704.9,
9/14/22,,,,,1703.9,
9/15/22,,,,,1689.1,
9/16/22,,,,,1664.7,
9/19/22,,,,,1664.7,
9/20/22,,,,,1664.2,
9/21/22,,,,,1671.8,
9/22/22,,,,,1671.9,
9/23/22,,,,,1643.6,
9/26/22,,,,,1643.4,
9/27/22,,,,,1634.3,
9/28/22,,,,,1652.2,
9/29/22,,,,,1654.8,
9/30/22,,,,,1671.8,
2010/3/22,,,,,1668.4,
2010/4/22,,,,,1714.9,
2010/5/22,,,,,1700.5,
2010/6/22,,,,,1714.2,
2010/7/22,,,,,1696.2,
2010/10/22,,,,,1676.6,
2010/11/22,,,,,1664.7,
2010/12/22,,,,,1670.7,
10/13/22,,,,,1648.1,
10/14/22,,,,,1649.3,
10/17/22,,,,,1664.8,
10/18/22,,,,,1653,
10/19/22,,,,,1631.7,
10/20/22,,,,,1635.3,
10/21/22,,,,,1643.3,
10/24/22,,,,,1649.2,
10/25/22,,,,,1659.3,
10/26/22,,,,,1666.8,
10/27/22,,,,,1659.8,
10/28/22,,,,,1648.1,
10/31/22,,,,,1639,
2011/1/22,,,,,1645.3,
2011/2/22,,,,,1649.6,
2011/3/22,,,,,1628.8,
2011/4/22,,,,,1674.4,
2011/7/22,,,,,1679,
2011/8/22,,,,,1678.7,
2011/9/22,,,,,1715.3,
2011/10/22,,,,,1744.8,
2011/11/22,,,,,1759.4,
11/14/22,,,,,1768.9,
11/15/22,,,,,1771.4,
11/16/22,,,,,1773,
11/17/22,,,,,1758.6,
11/18/22,,,,,1751.6,
11/21/22,,,,,1740.4,
11/22/22,,,,,1743,
11/23/22,,,,,1740.2,
11/24/22,,,,,1755.4,
11/25/22,,,,,1751.9,
11/28/22,,,,,1746.6,
11/29/22,,,,,1752.7,
11/30/22,,,,,1753.5,
2012/1/22,,,,,1803.2,
2012/2/22,,,,,1784.8,
2012/5/22,,,,,1776.8,
2012/6/22,,,,,1773.8,
2012/7/22,,,,,1782.2,
2012/8/22,,,,,1790.2,
2012/9/22,,,,,1796.2,
2012/12/22,,,,,1786.6,
12/13/22,,,,,1823.6,
12/14/22,,,,,1808.1,
12/15/22,,,,,1783.6,
12/16/22,,,,,1792.6,
12/19/22,,,,,1790.8,
12/20/22,,,,,1813.9,
12/21/22,,,,,1817.6,
12/22/22,,,,,1800.7,
12/23/22,,,,,1800.7,
12/26/22,,,,,1800.7,
12/27/22,,,,,1800.7,
12/28/22,,,,,1803.4,
12/29/22,,,,,1813.8,
12/30/22,,,,,1813.8,
2001/2/23,,,,,1813.8,
2001/3/23,,,,,1843.3,
2001/4/23,,,,,1857.3,
2001/5/23,,,,,1834,
2001/6/23,,,,,1852.2,
2001/9/23,,,,,1878.9,
2001/10/23,,,,,1878.7,
2001/11/23,,,,,1872.4,
2001/12/23,,,,,1882.6,
1/13/23,,,,,1907.2,
1/16/23,,,,,1917,
1/17/23,,,,,1913.8,
1/18/23,,,,,1920.7,
1/19/23,,,,,1918.6,
1/20/23,,,,,1924.9,
1/23/23,,,,,1914.9,
1/24/23,,,,,1920.8,
1/25/23,,,,,1930.8,
1/26/23,,,,,1932.5,
1/27/23,,,,,1923.1,
1/30/23,,,,,1924.1,
1/31/23,,,,,1923.9,
2002/1/23,,,,,1925.9,
2002/2/23,,,,,1921.7,
2002/3/23,,,,,1875.4,
2002/6/23,,,,,1873.3,
2002/7/23,,,,,1870.7,
2002/8/23,,,,,1872.7,
2002/9/23,,,,,1879.1,
2002/10/23,,,,,1859.7,
2/13/23,,,,,1856.1,
2/14/23,,,,,1863.7,
2/15/23,,,,,1831.2,
2/16/23,,,,,1829,
2/17/23,,,,,1834,
2/20/23,,,,,1845.8,
2/21/23,,,,,1836.9,
2/22/23,,,,,1835.8,
2/23/23,,,,,1826.1,
2/24/23,,,,,1811,
2/27/23,,,,,1818.7,
2/28/23,,,,,1824.6,
2003/1/23,,,,,1841.3,
2003/2/23,,,,,1836.2,
2003/3/23,,,,,1841.2,
2003/6/23,,,,,1849.1,
2003/7/23,,,,,1826.6,
2003/8/23,,,,,1816.3,
2003/9/23,,,,,1831.4,
2003/10/23,,,,,1861.3,
3/13/23,,,,,1911.3,
3/14/23,,,,,1907.6,
3/15/23,,,,,1923.4,
3/16/23,,,,,1922.8,
3/17/23,,,,,1962.1,
3/20/23,,,,,1969.4,
3/21/23,,,,,1952.5,
3/22/23,,,,,1949.4,
3/23/23,,,,,1978,
3/24/23,,,,,1993.8,
3/27/23,,,,,1946.3,
3/28/23,,,,,1962.9,
3/29/23,,,,,1965,
3/30/23,,,,,1965.8,
3/31/23,,,,,1979.7,
2004/3/23,,,,,1983.3,
2004/4/23,,,,,2009.6,
2004/5/23,,,,,2030.9,
2004/6/23,,,,,2001.9,
2004/7/23,,,,,2001.9,
2004/10/23,,,,,2001.9,
2004/11/23,,,,,2002.7,
2004/12/23,,,,,2008.2,
4/13/23,,,,,2048.5,
4/14/23,,,,,2019.4,
4/17/23,,,,,1995.6,
4/18/23,,,,,1999.4,
4/19/23,,,,,1990.6,
4/20/23,,,,,2007.2,
4/21/23,,,,,1973.7,
4/24/23,,,,,1978.2,
4/25/23,,,,,1987.4,
4/26/23,,,,,2003,
4/27/23,,,,,1985.7,
4/28/23,,,,,1982.6,
2005/1/23,,,,,1982.6,
2005/2/23,,,,,1995.4,
2005/3/23,,,,,2014.3,
2005/4/23,,,,,2044.7,
2005/5/23,,,,,2001,
2005/8/23,,,,,2001,
2005/9/23,,,,,2030.2,
2005/10/23,,,,,2037.2,
2005/11/23,,,,,2016,
2005/12/23,,,,,2019.9,
5/15/23,,,,,2019.9,
5/16/23,,,,,2007.5,
5/17/23,,,,,1974.4,
5/18/23,,,,,1960.3,
5/19/23,,,,,1961.6,
5/22/23,,,,,1970.3,
5/23/23,,,,,1969.2,
5/24/23,,,,,1969.7,
5/25/23,,,,,1948.3,
5/26/23,,,,,1947.9,
5/29/23,,,,,1947.9,
5/30/23,,,,,1952.5,
5/31/23,,,,,1964.4,
2006/1/23,,,,,1974.4,
2006/2/23,,,,,1963.3,
2006/5/23,,,,,1959.7,
2006/6/23,,,,,1957.3,
2006/7/23,,,,,1967.4,
2006/8/23,,,,,1966.4,
2006/9/23,,,,,1960.3,
2006/12/23,,,,,1952.9,
6/13/23,,,,,1954.4,
6/14/23,,,,,1955.8,
6/15/23,,,,,1952.4,
6/16/23,,,,,1959.8,
6/19/23,,,,,1951.2,
6/20/23,,,,,1930.5,
6/21/23,,,,,1925.7,
6/22/23,,,,,1920.1,
6/23/23,,,,,1930.7,
6/26/23,,,,,1922.9,
6/27/23,,,,,1918.9,
6/28/23,,,,,1908.4,
6/29/23,,,,,1899.6,
6/30/23,,,,,1912.3,
